timestamp,temp_c,humidity_pct,co2_ppm,ph,ec_ms_cm,biomass_g,water_consumption_l,power_consumption_w
2026-01-01T00:00:00,23.81,74.6,1022,6.06,1.79,0.5098,0.0986,50.0
2026-01-01T01:00:00,24.87,77.8,1086,6.12,1.79,0.635,0.1075,52.59
2026-01-01T02:00:00,25.69,76.4,1119,5.94,1.8,0.5196,0.109,55.0
2026-01-01T03:00:00,25.48,76.7,1128,6.0,1.76,0.6018,0.1085,57.07
2026-01-01T04:00:00,25.87,78.9,1173,6.01,1.85,0.5342,0.1134,58.66
2026-01-01T05:00:00,25.25,80.0,1192,5.95,1.74,0.6285,0.1122,59.66
2026-01-01T06:00:00,26.85,80.0,1165,6.02,1.79,0.3623,0.1194,60.0
2026-01-01T07:00:00,26.36,80.4,1202,5.93,1.8,0.4199,0.1177,59.66
2026-01-01T08:00:00,25.03,79.4,1145,5.96,1.95,0.4358,0.1103,58.66
2026-01-01T09:00:00,26.28,77.4,1145,6.07,1.75,0.4021,0.113,57.07
2026-01-01T10:00:00,25.2,77.9,1052,6.1,1.8,0.5343,0.1091,55.0
2026-01-01T11:00:00,25.15,76.1,1040,5.97,1.78,0.515,0.1064,52.59
2026-01-01T12:00:00,24.99,75.6,1001,6.09,1.75,0.496,0.1049,50.0
2026-01-01T13:00:00,23.09,73.5,929,6.13,1.8,0.668,0.0943,47.41
2026-01-01T14:00:00,23.13,71.9,892,5.77,1.79,0.5031,0.0924,45.0
2026-01-01T15:00:00,22.08,70.8,888,5.91,1.75,0.5947,0.0868,42.93
2026-01-01T16:00:00,23.25,69.2,815,6.18,1.76,0.5198,0.0893,41.34
2026-01-01T17:00:00,21.33,69.1,831,5.91,1.82,0.3413,0.0819,40.34
2026-01-01T18:00:00,22.39,70.9,834,5.83,1.85,0.3998,0.0882,40.0
2026-01-01T19:00:00,22.08,69.8,789,5.96,1.78,0.5626,0.0856,40.34
2026-01-01T20:00:00,22.67,70.4,863,5.96,1.85,0.5616,0.0886,41.34
2026-01-01T21:00:00,21.98,72.6,841,5.9,1.74,0.5342,0.0887,42.93
2026-01-01T22:00:00,23.45,72.4,897,6.13,1.78,0.4794,0.0943,45.0
2026-01-01T23:00:00,23.34,74.1,913,6.29,1.83,0.3822,0.0961,47.41
2026-01-02T00:00:00,24.15,74.4,1019,6.0,1.75,0.6908,0.0998,50.0
2026-01-02T01:00:00,25.2,78.7,1062,5.83,1.7,0.4285,0.1102,52.59
2026-01-02T02:00:00,25.02,76.8,1100,6.13,1.85,0.3749,0.1067,55.0
2026-01-02T03:00:00,24.65,76.6,1135,5.91,1.89,0.6597,0.1048,57.07
2026-01-02T04:00:00,25.59,80.0,1145,6.12,1.85,0.4368,0.1137,58.66
2026-01-02T05:00:00,26.49,78.8,1202,5.92,1.77,0.6445,0.1159,59.66
2026-01-02T06:00:00,25.69,78.9,1184,5.88,1.83,0.7398,0.1126,60.0
2026-01-02T07:00:00,25.49,78.2,1193,6.06,1.76,0.5954,0.1107,59.66
2026-01-02T08:00:00,25.88,79.5,1183,5.94,1.77,0.6438,0.1143,58.66
2026-01-02T09:00:00,24.71,82.7,1137,5.92,1.76,0.5019,0.1136,57.07
2026-01-02T10:00:00,25.2,77.1,1118,5.92,1.82,0.538,0.108,55.0
2026-01-02T11:00:00,24.18,76.0,1036,5.97,1.74,0.5077,0.1021,52.59
2026-01-02T12:00:00,24.46,74.7,979,6.09,1.76,0.5693,0.1015,50.0
2026-01-02T13:00:00,23.75,73.4,936,5.94,1.79,0.542,0.0968,47.41
2026-01-02T14:00:00,23.27,70.3,870,5.92,1.79,0.6558,0.0909,45.0
2026-01-02T15:00:00,22.51,71.6,883,5.99,1.83,0.6424,0.0895,42.93
2026-01-02T16:00:00,21.61,71.4,855,5.92,1.82,0.5292,0.0857,41.34
2026-01-02T17:00:00,22.18,71.1,806,6.01,1.83,0.5162,0.0876,40.34
2026-01-02T18:00:00,22.2,69.3,847,6.14,1.74,0.4958,0.0855,40.0
2026-01-02T19:00:00,21.86,68.6,810,5.94,1.86,0.7207,0.0833,40.34
2026-01-02T20:00:00,21.67,71.4,828,6.02,1.73,0.5124,0.086,41.34
2026-01-02T21:00:00,21.64,71.7,860,5.97,1.72,0.3956,0.0862,42.93
2026-01-02T22:00:00,22.85,73.5,926,6.01,1.77,0.7521,0.0933,45.0
2026-01-02T23:00:00,23.16,73.1,937,6.04,1.87,0.427,0.0941,47.41
2026-01-03T00:00:00,24.18,73.3,1002,5.9,1.82,0.4055,0.0985,50.0
2026-01-03T01:00:00,24.11,76.8,1029,6.06,1.72,0.7217,0.1028,52.59
2026-01-03T02:00:00,24.35,78.3,1117,5.96,1.79,0.5106,0.1059,55.0
2026-01-03T03:00:00,25.45,77.6,1155,6.19,1.81,0.5781,0.1097,57.07
2026-01-03T04:00:00,26.08,79.9,1174,5.97,1.82,0.633,0.1157,58.66
2026-01-03T05:00:00,25.23,79.2,1163,6.05,1.8,0.6429,0.111,59.66
2026-01-03T06:00:00,27.15,80.8,1195,6.0,1.72,0.5378,0.1218,60.0
2026-01-03T07:00:00,25.59,81.4,1202,6.09,1.83,0.6424,0.1158,59.66
2026-01-03T08:00:00,26.16,79.7,1186,5.98,1.9,0.4952,0.1159,58.66
2026-01-03T09:00:00,25.43,79.4,1178,5.95,1.78,0.5745,0.1122,57.07
2026-01-03T10:00:00,25.1,76.0,1136,5.81,1.65,0.5127,0.106,55.0
2026-01-03T11:00:00,24.42,74.9,1017,6.19,1.83,0.5215,0.1017,52.59
2026-01-03T12:00:00,23.51,76.0,1003,6.09,1.85,0.5821,0.0992,50.0
2026-01-03T13:00:00,23.83,73.8,921,5.95,1.83,0.4939,0.0978,47.41
2026-01-03T14:00:00,22.87,72.7,906,5.92,1.77,0.5052,0.0924,45.0
2026-01-03T15:00:00,22.16,70.2,834,5.98,1.81,0.6038,0.0865,42.93
2026-01-03T16:00:00,22.91,71.1,808,5.97,1.74,0.788,0.0905,41.34
2026-01-03T17:00:00,22.13,70.3,792,6.12,1.91,0.5759,0.0865,40.34
2026-01-03T18:00:00,22.17,69.9,779,5.96,1.77,0.6936,0.086,40.0
2026-01-03T19:00:00,22.12,70.5,822,5.86,1.82,0.4867,0.0866,40.34
2026-01-03T20:00:00,21.65,71.6,814,5.97,1.8,0.5271,0.0861,41.34
2026-01-03T21:00:00,23.22,71.6,857,6.03,1.69,0.5184,0.0923,42.93
2026-01-03T22:00:00,23.48,71.4,902,6.02,1.88,0.4799,0.0931,45.0
2026-01-03T23:00:00,23.42,72.3,923,6.07,1.69,0.5635,0.0941,47.41
2026-01-04T00:00:00,23.74,75.2,966,5.89,1.77,0.6011,0.0992,50.0
2026-01-04T01:00:00,24.3,75.6,1092,5.81,1.85,0.7381,0.102,52.59
2026-01-04T02:00:00,25.29,78.5,1090,5.92,1.74,0.6237,0.1103,55.0
2026-01-04T03:00:00,25.05,78.2,1158,6.03,1.74,0.7165,0.1089,57.07
2026-01-04T04:00:00,25.42,77.8,1182,6.02,1.86,0.6435,0.1099,58.66
2026-01-04T05:00:00,26.34,79.5,1203,5.97,1.73,0.6582,0.1164,59.66
2026-01-04T06:00:00,26.37,80.3,1152,6.14,1.85,0.714,0.1177,60.0
2026-01-04T07:00:00,25.97,78.3,1196,6.11,1.77,0.4492,0.113,59.66
2026-01-04T08:00:00,25.77,78.6,1168,6.02,1.83,0.6936,0.1126,58.66
2026-01-04T09:00:00,25.55,79.3,1185,5.99,1.74,0.7303,0.1125,57.07
2026-01-04T10:00:00,24.94,78.9,1069,6.03,1.81,0.6833,0.1093,55.0
2026-01-04T11:00:00,24.96,76.5,1038,6.19,1.83,0.7752,0.1061,52.59
2026-01-04T12:00:00,23.74,75.7,999,6.0,1.73,0.5655,0.0998,50.0
2026-01-04T13:00:00,22.68,73.8,959,5.91,1.81,0.4864,0.093,47.41
2026-01-04T14:00:00,23.32,73.7,958,6.27,1.81,0.6271,0.0955,45.0
2026-01-04T15:00:00,22.18,70.2,827,6.05,1.76,0.4254,0.0864,42.93
2026-01-04T16:00:00,21.77,70.7,802,6.11,1.8,0.6074,0.0855,41.34
2026-01-04T17:00:00,22.86,69.8,811,6.0,1.79,0.4156,0.0886,40.34
2026-01-04T18:00:00,22.14,69.5,803,5.96,1.89,0.6314,0.0855,40.0
2026-01-04T19:00:00,21.74,71.2,808,6.07,1.79,0.5655,0.086,40.34
2026-01-04T20:00:00,22.49,70.9,830,5.92,1.82,0.5291,0.0886,41.34
2026-01-04T21:00:00,22.16,71.1,862,5.94,1.83,0.5638,0.0875,42.93
2026-01-04T22:00:00,22.6,71.9,888,5.93,1.82,0.8201,0.0903,45.0
2026-01-04T23:00:00,23.29,73.8,963,6.07,1.85,0.6716,0.0954,47.41
2026-01-05T00:00:00,24.23,73.0,992,6.2,1.82,0.4285,0.0983,50.0
2026-01-05T01:00:00,23.49,75.2,1087,5.91,1.83,0.6824,0.0982,52.59
2026-01-05T02:00:00,24.96,78.8,1119,5.88,1.78,0.5152,0.1092,55.0
2026-01-05T03:00:00,25.17,78.2,1143,6.05,1.8,0.6452,0.1093,57.07
2026-01-05T04:00:00,25.95,77.2,1171,5.95,1.82,0.5812,0.1113,58.66
2026-01-05T05:00:00,26.3,79.1,1203,6.03,1.77,0.5495,0.1156,59.66
2026-01-05T06:00:00,25.96,81.4,1246,6.15,1.89,0.663,0.1175,60.0
2026-01-05T07:00:00,25.96,79.9,1203,6.02,1.79,0.6239,0.1152,59.66
2026-01-05T08:00:00,25.77,78.5,1193,5.93,1.8,0.589,0.1124,58.66
2026-01-05T09:00:00,25.59,80.0,1155,6.16,1.83,0.6432,0.1137,57.07
2026-01-05T10:00:00,25.44,77.9,1126,6.13,1.81,0.5916,0.1101,55.0
2026-01-05T11:00:00,24.68,75.6,1027,6.02,1.84,0.6155,0.1037,52.59
2026-01-05T12:00:00,23.94,74.8,1051,6.07,1.85,0.6534,0.0995,50.0
2026-01-05T13:00:00,23.56,73.9,931,5.98,1.71,0.7567,0.0967,47.41
2026-01-05T14:00:00,23.32,72.5,884,5.97,1.8,0.4879,0.0939,45.0
2026-01-05T15:00:00,23.44,70.0,851,6.04,1.81,0.6088,0.0911,42.93
2026-01-05T16:00:00,20.76,69.7,819,5.87,1.78,0.6712,0.0804,41.34
2026-01-05T17:00:00,21.82,69.0,808,6.1,1.8,0.5465,0.0837,40.34
2026-01-05T18:00:00,21.54,70.2,786,6.07,1.81,0.4782,0.0841,40.0
2026-01-05T19:00:00,21.74,70.5,792,6.08,1.81,0.6044,0.0851,40.34
2026-01-05T20:00:00,21.93,71.0,810,5.98,1.82,0.6372,0.0865,41.34
2026-01-05T21:00:00,22.67,72.7,889,6.01,1.78,0.5629,0.0915,42.93
2026-01-05T22:00:00,23.31,73.3,907,5.9,1.85,0.7338,0.0949,45.0
2026-01-05T23:00:00,23.19,74.0,928,5.98,1.78,0.6563,0.0954,47.41
2026-01-06T00:00:00,24.8,74.2,956,6.02,1.82,0.6095,0.1023,50.0
2026-01-06T01:00:00,23.78,75.9,1050,5.93,1.77,0.6847,0.1002,52.59
2026-01-06T02:00:00,25.27,78.0,1074,5.95,1.83,0.4767,0.1095,55.0
2026-01-06T03:00:00,25.49,80.4,1136,6.13,1.8,0.7752,0.1138,57.07
2026-01-06T04:00:00,26.13,79.3,1166,6.04,1.78,0.7939,0.1151,58.66
2026-01-06T05:00:00,25.2,80.2,1163,6.01,1.81,0.4552,0.1123,59.66
2026-01-06T06:00:00,26.34,78.6,1179,5.92,1.73,0.6407,0.115,60.0
2026-01-06T07:00:00,25.46,79.5,1221,5.87,1.76,0.5825,0.1124,59.66
2026-01-06T08:00:00,25.26,80.9,1202,5.94,1.87,0.6815,0.1135,58.66
2026-01-06T09:00:00,25.46,80.3,1112,6.05,1.85,0.6825,0.1135,57.07
2026-01-06T10:00:00,25.14,78.5,1116,6.03,1.69,0.733,0.1097,55.0
2026-01-06T11:00:00,24.27,76.5,1045,6.12,1.74,0.6908,0.1031,52.59
2026-01-06T12:00:00,23.69,76.5,1023,5.91,1.82,0.7916,0.1007,50.0
2026-01-06T13:00:00,22.1,72.8,941,5.9,1.8,0.605,0.0894,47.41
2026-01-06T14:00:00,23.08,73.4,888,6.1,1.76,0.6297,0.0941,45.0
2026-01-06T15:00:00,23.16,73.1,846,6.13,1.79,0.577,0.0941,42.93
2026-01-06T16:00:00,21.64,72.3,818,6.03,1.72,0.7774,0.0869,41.34
2026-01-06T17:00:00,21.42,69.8,801,5.8,1.7,0.4343,0.0831,40.34
2026-01-06T18:00:00,23.2,71.2,777,5.91,1.79,0.7083,0.0918,40.0
2026-01-06T19:00:00,21.38,68.9,810,6.07,1.75,0.6238,0.0818,40.34
2026-01-06T20:00:00,22.24,73.3,826,5.93,1.77,0.6052,0.0905,41.34
2026-01-06T21:00:00,23.56,71.6,828,5.94,1.81,0.6893,0.0938,42.93
2026-01-06T22:00:00,22.8,72.9,901,6.0,1.85,0.7032,0.0923,45.0
2026-01-06T23:00:00,23.84,73.7,944,6.04,1.78,0.6006,0.0976,47.41
2026-01-07T00:00:00,24.27,75.7,986,5.97,1.81,0.8623,0.1021,50.0
2026-01-07T01:00:00,24.83,75.8,1086,6.0,1.79,0.7781,0.1046,52.59
2026-01-07T02:00:00,25.5,78.5,1103,5.76,1.8,0.6721,0.1112,55.0
2026-01-07T03:00:00,25.64,80.0,1150,6.19,1.83,0.7067,0.114,57.07
2026-01-07T04:00:00,26.27,78.5,1196,5.88,1.79,0.7702,0.1145,58.66
2026-01-07T05:00:00,25.58,81.3,1233,6.08,1.77,0.7027,0.1156,59.66
2026-01-07T06:00:00,26.0,81.0,1194,6.08,1.75,0.6217,0.1171,60.0
2026-01-07T07:00:00,25.56,79.3,1184,6.05,1.79,0.6607,0.1126,59.66
2026-01-07T08:00:00,25.09,79.0,1201,6.05,1.77,0.6965,0.1101,58.66
2026-01-07T09:00:00,24.96,77.6,1145,6.09,1.8,0.7256,0.1076,57.07
2026-01-07T10:00:00,24.72,78.1,1090,6.07,1.74,0.605,0.1072,55.0
2026-01-07T11:00:00,24.45,77.3,1065,6.11,1.82,0.5098,0.1049,52.59
2026-01-07T12:00:00,23.88,75.2,1019,6.08,1.77,0.8811,0.0997,50.0
2026-01-07T13:00:00,24.14,73.4,920,5.89,1.81,0.6186,0.0985,47.41
2026-01-07T14:00:00,23.14,74.5,907,6.0,1.77,0.5871,0.0957,45.0
2026-01-07T15:00:00,22.39,71.5,868,6.14,1.78,0.7159,0.0889,42.93
2026-01-07T16:00:00,21.83,70.2,792,6.04,1.73,0.6355,0.0851,41.34
2026-01-07T17:00:00,21.75,68.4,802,6.07,1.8,0.5806,0.0827,40.34
2026-01-07T18:00:00,21.63,69.8,812,5.93,1.86,0.5275,0.0838,40.0
2026-01-07T19:00:00,21.68,69.6,802,5.87,1.7,0.6837,0.0838,40.34
2026-01-07T20:00:00,22.53,70.7,827,5.96,1.87,0.8229,0.0885,41.34
2026-01-07T21:00:00,23.07,72.1,890,6.14,1.79,0.6296,0.0924,42.93
2026-01-07T22:00:00,23.24,72.4,909,6.0,1.78,0.7587,0.0935,45.0
2026-01-07T23:00:00,23.82,72.5,904,5.94,1.82,0.8255,0.0959,47.41
2026-01-08T00:00:00,25.16,77.2,964,6.0,1.76,0.898,0.1079,50.0
2026-01-08T01:00:00,24.16,74.9,1070,5.93,1.82,0.8871,0.1005,52.59
2026-01-08T02:00:00,25.64,74.7,1107,5.96,1.94,0.6216,0.1065,55.0
2026-01-08T03:00:00,25.67,79.5,1115,6.01,1.81,0.7653,0.1134,57.07
2026-01-08T04:00:00,25.35,81.4,1185,6.1,1.75,0.7336,0.1146,58.66
2026-01-08T05:00:00,25.21,79.3,1212,5.99,1.73,0.693,0.111,59.66
2026-01-08T06:00:00,25.63,80.3,1207,6.02,1.8,0.5937,0.1143,60.0
2026-01-08T07:00:00,26.72,80.9,1167,6.05,1.84,0.8604,0.1201,59.66
2026-01-08T08:00:00,26.23,78.2,1152,6.12,1.76,0.7725,0.114,58.66
2026-01-08T09:00:00,25.6,78.0,1140,6.09,1.78,0.613,0.111,57.07
2026-01-08T10:00:00,25.38,78.6,1124,6.12,1.79,0.7213,0.1108,55.0
2026-01-08T11:00:00,25.02,76.9,1063,5.99,1.82,0.7912,0.1069,52.59
2026-01-08T12:00:00,23.97,76.2,982,5.87,1.77,0.7255,0.1014,50.0
2026-01-08T13:00:00,22.54,74.4,946,6.17,1.8,0.7917,0.0932,47.41
2026-01-08T14:00:00,23.31,72.4,916,6.05,1.81,0.7751,0.0938,45.0
2026-01-08T15:00:00,23.31,71.1,843,5.91,1.9,0.6873,0.0921,42.93
2026-01-08T16:00:00,21.81,70.0,834,5.78,1.82,0.7934,0.0848,41.34
2026-01-08T17:00:00,21.73,70.4,804,5.86,1.8,0.8111,0.085,40.34
2026-01-08T18:00:00,22.02,71.4,797,6.0,1.76,0.7322,0.0874,40.0
2026-01-08T19:00:00,22.92,69.1,792,6.05,1.79,0.8922,0.0879,40.34
2026-01-08T20:00:00,23.47,71.8,843,6.07,1.68,0.6658,0.0936,41.34
2026-01-08T21:00:00,23.42,71.1,855,5.95,1.79,0.7877,0.0925,42.93
2026-01-08T22:00:00,23.76,73.9,876,5.96,1.71,0.7604,0.0976,45.0
2026-01-08T23:00:00,24.27,73.1,966,6.1,1.8,0.7914,0.0986,47.41
2026-01-09T00:00:00,24.37,74.7,1025,6.05,1.87,0.7988,0.1011,50.0
2026-01-09T01:00:00,23.73,75.4,1047,6.02,1.85,0.6636,0.0994,52.59
2026-01-09T02:00:00,24.87,76.4,1116,5.92,1.82,0.6996,0.1055,55.0
2026-01-09T03:00:00,25.22,78.3,1147,6.02,1.84,0.6708,0.1096,57.07
2026-01-09T04:00:00,26.22,80.3,1195,6.04,1.81,0.5472,0.1169,58.66
2026-01-09T05:00:00,25.74,79.1,1164,6.02,1.8,0.7975,0.1131,59.66
2026-01-09T06:00:00,26.35,80.2,1207,6.08,1.93,0.7016,0.1174,60.0
2026-01-09T07:00:00,25.31,78.0,1210,6.18,1.75,0.6115,0.1097,59.66
2026-01-09T08:00:00,25.85,81.1,1201,6.11,1.71,0.6605,0.1165,58.66
2026-01-09T09:00:00,24.93,76.5,1150,5.84,1.8,0.7965,0.106,57.07
2026-01-09T10:00:00,24.62,76.7,1111,6.04,1.72,0.873,0.1049,55.0
2026-01-09T11:00:00,23.35,77.9,1053,5.89,1.82,0.7254,0.1011,52.59
2026-01-09T12:00:00,23.56,75.5,1020,5.93,1.71,0.6748,0.0989,50.0
2026-01-09T13:00:00,23.82,73.8,963,6.0,1.89,0.834,0.0976,47.41
2026-01-09T14:00:00,23.06,72.5,896,5.92,1.78,0.8624,0.0928,45.0
2026-01-09T15:00:00,23.76,72.1,850,5.99,1.86,0.7638,0.0951,42.93
2026-01-09T16:00:00,21.92,71.3,837,5.9,1.83,0.7119,0.0868,41.34
2026-01-09T17:00:00,22.0,70.3,770,6.1,1.81,0.6711,0.0859,40.34
2026-01-09T18:00:00,21.22,71.1,801,5.98,1.79,0.9122,0.0838,40.0
2026-01-09T19:00:00,22.32,69.6,791,5.97,1.75,0.7872,0.0863,40.34
2026-01-09T20:00:00,22.97,70.8,831,6.01,1.83,0.8501,0.0904,41.34
2026-01-09T21:00:00,22.17,71.3,837,6.03,1.79,0.6432,0.0878,42.93
2026-01-09T22:00:00,23.67,71.2,921,5.87,1.79,0.7912,0.0936,45.0
2026-01-09T23:00:00,22.86,73.0,940,5.91,1.72,0.8057,0.0928,47.41
2026-01-10T00:00:00,23.88,75.0,986,6.01,1.79,0.842,0.0995,50.0
2026-01-10T01:00:00,23.83,76.8,1074,5.83,1.83,0.8508,0.1017,52.59
2026-01-10T02:00:00,25.88,77.7,1097,6.0,1.75,0.7888,0.1117,55.0
2026-01-10T03:00:00,24.58,78.2,1147,5.93,1.79,0.7725,0.1068,57.07
2026-01-10T04:00:00,26.39,77.8,1127,6.0,1.86,0.8466,0.1141,58.66
2026-01-10T05:00:00,25.97,80.6,1193,6.01,1.81,0.8247,0.1163,59.66
2026-01-10T06:00:00,26.69,79.9,1195,5.9,1.89,0.7913,0.1185,60.0
2026-01-10T07:00:00,25.72,78.3,1190,5.99,1.74,0.7777,0.1119,59.66
2026-01-10T08:00:00,25.94,80.0,1173,6.01,1.75,0.8937,0.1152,58.66
2026-01-10T09:00:00,25.6,79.8,1149,6.11,1.7,0.9174,0.1135,57.07
2026-01-10T10:00:00,23.94,78.8,1080,6.06,1.82,0.9006,0.1048,55.0
2026-01-10T11:00:00,24.89,75.8,1042,6.14,1.82,0.7204,0.1048,52.59
2026-01-10T12:00:00,23.2,75.3,995,5.97,1.73,0.9191,0.097,50.0
2026-01-10T13:00:00,23.21,73.4,969,5.99,1.79,0.8467,0.0946,47.41
2026-01-10T14:00:00,22.9,75.2,882,6.26,1.81,0.7796,0.0957,45.0
2026-01-10T15:00:00,21.94,71.2,855,5.93,1.7,0.6417,0.0868,42.93
2026-01-10T16:00:00,23.43,71.5,843,5.99,1.81,0.9161,0.0931,41.34
2026-01-10T17:00:00,21.69,71.2,831,5.99,1.81,0.6918,0.0858,40.34
2026-01-10T18:00:00,22.02,69.5,839,6.18,1.78,0.7038,0.085,40.0
2026-01-10T19:00:00,22.52,70.3,811,5.96,1.73,0.9463,0.0879,40.34
2026-01-10T20:00:00,21.35,71.3,866,5.87,1.84,0.9018,0.0846,41.34
2026-01-10T21:00:00,23.31,71.6,862,5.85,1.78,0.5764,0.0927,42.93
2026-01-10T22:00:00,21.84,72.8,900,5.92,1.82,0.8168,0.0884,45.0
2026-01-10T23:00:00,23.97,73.2,941,6.12,1.83,0.859,0.0975,47.41
2026-01-11T00:00:00,23.34,75.1,990,6.1,1.8,0.7957,0.0973,50.0
2026-01-11T01:00:00,24.68,75.8,1055,6.0,1.8,0.786,0.104,52.59
2026-01-11T02:00:00,25.25,76.2,1086,6.11,1.78,0.8561,0.1069,55.0
2026-01-11T03:00:00,24.65,80.4,1148,6.28,1.79,0.8715,0.1102,57.07
2026-01-11T04:00:00,25.8,79.6,1203,6.12,1.73,0.9216,0.1141,58.66
2026-01-11T05:00:00,25.26,79.2,1206,5.72,1.82,0.7391,0.1112,59.66
2026-01-11T06:00:00,26.06,80.7,1172,6.15,1.82,0.7253,0.1168,60.0
2026-01-11T07:00:00,26.68,79.8,1192,5.91,1.78,0.9422,0.1183,59.66
2026-01-11T08:00:00,25.96,78.8,1191,5.95,1.82,0.8249,0.1136,58.66
2026-01-11T09:00:00,25.76,78.0,1153,5.69,1.82,0.7408,0.1116,57.07
2026-01-11T10:00:00,24.35,77.1,1116,6.06,1.8,0.8395,0.1043,55.0
2026-01-11T11:00:00,24.45,77.6,1045,5.95,1.81,0.8174,0.1054,52.59
2026-01-11T12:00:00,23.38,76.6,973,6.02,1.81,0.8309,0.0995,50.0
2026-01-11T13:00:00,23.86,73.4,913,6.11,1.79,0.7991,0.0973,47.41
2026-01-11T14:00:00,22.96,72.1,912,6.01,1.79,0.79,0.092,45.0
2026-01-11T15:00:00,23.15,70.6,833,5.96,1.79,0.8799,0.0908,42.93
2026-01-11T16:00:00,22.9,72.1,802,5.89,1.82,0.7906,0.0918,41.34
2026-01-11T17:00:00,22.92,69.3,851,6.16,1.67,0.8413,0.0883,40.34
2026-01-11T18:00:00,22.62,69.9,808,6.07,1.69,0.7842,0.0878,40.0
2026-01-11T19:00:00,22.53,70.7,806,5.79,1.7,0.804,0.0885,40.34
2026-01-11T20:00:00,23.06,70.6,828,5.98,1.88,0.9619,0.0905,41.34
2026-01-11T21:00:00,22.57,70.5,884,5.68,1.81,0.7498,0.0884,42.93
2026-01-11T22:00:00,23.39,72.6,931,5.95,1.75,0.7463,0.0943,45.0
2026-01-11T23:00:00,23.71,74.8,978,5.92,1.7,0.9237,0.0985,47.41
2026-01-12T00:00:00,23.77,74.4,1018,6.06,1.71,0.8019,0.0983,50.0
2026-01-12T01:00:00,25.13,77.2,1081,6.1,1.78,0.9194,0.1078,52.59
2026-01-12T02:00:00,25.56,78.1,1096,6.03,1.72,0.7787,0.1109,55.0
2026-01-12T03:00:00,25.09,80.6,1145,6.06,1.76,0.9463,0.1123,57.07
2026-01-12T04:00:00,25.24,78.3,1164,6.05,1.78,0.7692,0.1097,58.66
2026-01-12T05:00:00,25.07,79.0,1209,6.08,1.82,0.8774,0.11,59.66
2026-01-12T06:00:00,26.52,80.2,1186,6.0,1.85,0.8131,0.1181,60.0
2026-01-12T07:00:00,26.2,79.1,1188,5.91,1.74,0.6756,0.1152,59.66
2026-01-12T08:00:00,25.96,80.0,1179,5.84,1.82,0.9928,0.1153,58.66
2026-01-12T09:00:00,25.8,77.4,1177,5.94,1.9,0.665,0.1109,57.07
2026-01-12T10:00:00,24.41,77.2,1095,5.95,1.82,0.9522,0.1048,55.0
2026-01-12T11:00:00,24.11,73.8,1075,6.01,1.87,0.7903,0.0989,52.59
2026-01-12T12:00:00,23.62,75.2,999,6.02,1.91,0.7736,0.0987,50.0
2026-01-12T13:00:00,24.72,74.2,915,5.93,1.8,1.0178,0.1019,47.41
2026-01-12T14:00:00,23.06,73.4,897,6.0,1.76,0.7779,0.094,45.0
2026-01-12T15:00:00,22.81,72.2,898,5.97,1.74,0.9213,0.0915,42.93
2026-01-12T16:00:00,22.22,72.3,816,6.0,1.86,0.8631,0.0893,41.34
2026-01-12T17:00:00,22.01,71.1,774,6.05,1.8,0.8236,0.087,40.34
2026-01-12T18:00:00,22.61,69.0,798,6.16,1.81,0.8024,0.0866,40.0
2026-01-12T19:00:00,22.07,68.8,774,5.85,1.88,0.9963,0.0844,40.34
2026-01-12T20:00:00,22.59,70.2,823,5.92,1.79,0.7496,0.0881,41.34
2026-01-12T21:00:00,22.48,72.2,859,6.01,1.8,0.7822,0.0901,42.93
2026-01-12T22:00:00,23.47,72.8,879,6.04,1.78,0.9906,0.0949,45.0
2026-01-12T23:00:00,23.61,73.8,965,5.86,1.77,0.9136,0.0968,47.41
2026-01-13T00:00:00,23.53,74.5,1005,5.99,1.71,0.9495,0.0973,50.0
2026-01-13T01:00:00,24.12,76.3,1072,6.13,1.82,0.8649,0.1022,52.59
2026-01-13T02:00:00,25.26,78.4,1108,5.91,1.73,0.8313,0.1099,55.0
2026-01-13T03:00:00,25.04,77.9,1153,5.98,1.82,1.2078,0.1084,57.07
2026-01-13T04:00:00,25.57,78.0,1146,6.01,1.76,0.7378,0.1108,58.66
2026-01-13T05:00:00,24.69,80.3,1172,6.23,1.79,0.8539,0.1101,59.66
2026-01-13T06:00:00,25.2,80.2,1205,6.02,1.81,0.7913,0.1123,60.0
2026-01-13T07:00:00,26.03,78.4,1216,5.9,1.88,1.0113,0.1133,59.66
2026-01-13T08:00:00,25.28,80.2,1145,6.04,1.87,0.9184,0.1127,58.66
2026-01-13T09:00:00,26.29,78.2,1104,6.09,1.72,0.8009,0.1143,57.07
2026-01-13T10:00:00,24.65,78.8,1067,5.87,1.85,0.9107,0.1079,55.0
2026-01-13T11:00:00,25.62,76.8,1058,6.09,1.74,0.749,0.1093,52.59
2026-01-13T12:00:00,24.07,74.5,974,5.94,1.84,0.9881,0.0996,50.0
2026-01-13T13:00:00,23.19,73.7,968,6.13,1.87,0.965,0.0949,47.41
2026-01-13T14:00:00,22.59,72.7,909,6.01,1.81,0.756,0.0913,45.0
2026-01-13T15:00:00,22.5,69.8,861,5.93,1.82,1.1271,0.0872,42.93
2026-01-13T16:00:00,21.82,71.3,831,5.98,1.88,0.8097,0.0864,41.34
2026-01-13T17:00:00,21.78,70.5,777,5.91,1.76,0.9259,0.0853,40.34
2026-01-13T18:00:00,21.47,70.3,796,5.86,1.89,1.0234,0.0838,40.0
2026-01-13T19:00:00,22.21,71.9,824,5.77,1.76,0.7734,0.0887,40.34
2026-01-13T20:00:00,21.73,69.6,828,6.06,1.73,0.952,0.0841,41.34
2026-01-13T21:00:00,22.04,72.1,872,5.82,1.73,1.0466,0.0883,42.93
2026-01-13T22:00:00,22.8,72.2,863,5.96,1.86,0.8414,0.0914,45.0
2026-01-13T23:00:00,22.83,73.7,970,6.19,1.8,0.8592,0.0935,47.41
2026-01-14T00:00:00,23.84,74.5,1025,5.9,1.87,1.0318,0.0986,50.0
2026-01-14T01:00:00,23.97,77.4,1038,5.89,1.83,0.9794,0.1031,52.59
2026-01-14T02:00:00,24.6,77.9,1083,5.96,1.88,0.9618,0.1064,55.0
2026-01-14T03:00:00,26.21,79.5,1163,6.15,1.85,0.9951,0.1157,57.07
2026-01-14T04:00:00,25.58,78.0,1180,6.01,1.72,0.6906,0.1109,58.66
2026-01-14T05:00:00,26.55,79.9,1236,6.1,1.79,1.1008,0.1178,59.66
2026-01-14T06:00:00,26.16,81.0,1177,5.99,1.85,0.9863,0.1177,60.0
2026-01-14T07:00:00,25.59,80.0,1187,5.96,1.85,1.0162,0.1137,59.66
2026-01-14T08:00:00,25.87,77.7,1156,5.96,1.77,0.8965,0.1117,58.66
2026-01-14T09:00:00,25.23,79.6,1160,6.0,1.77,1.083,0.1115,57.07
2026-01-14T10:00:00,25.05,77.6,1128,6.05,1.81,0.8938,0.108,55.0
2026-01-14T11:00:00,25.59,75.9,1036,5.82,1.86,0.9597,0.1079,52.59
2026-01-14T12:00:00,22.81,73.2,998,5.99,1.77,1.0364,0.0927,50.0
2026-01-14T13:00:00,23.83,73.5,954,6.1,1.82,0.7908,0.0973,47.41
2026-01-14T14:00:00,22.97,74.1,897,6.12,1.82,0.97,0.0945,45.0
2026-01-14T15:00:00,22.8,72.0,851,5.97,1.83,0.9777,0.0912,42.93
2026-01-14T16:00:00,22.21,70.3,836,6.2,1.7,0.8466,0.0867,41.34
2026-01-14T17:00:00,21.79,71.5,808,6.08,1.74,0.9779,0.0866,40.34
2026-01-14T18:00:00,21.46,70.2,781,6.02,1.88,1.0107,0.0837,40.0
2026-01-14T19:00:00,22.03,69.3,790,6.17,1.82,1.0285,0.0848,40.34
2026-01-14T20:00:00,21.68,69.2,830,6.05,1.75,0.9849,0.0834,41.34
2026-01-14T21:00:00,22.13,71.1,850,6.07,1.77,1.033,0.0874,42.93
2026-01-14T22:00:00,21.98,72.6,953,6.01,1.81,1.1706,0.0887,45.0
2026-01-14T23:00:00,22.48,75.1,977,5.97,1.79,0.9348,0.0938,47.41
2026-01-15T00:00:00,23.05,76.3,1008,6.07,1.88,0.8994,0.0977,50.0
2026-01-15T01:00:00,24.25,76.7,1059,6.01,1.81,0.8214,0.1033,52.59
2026-01-15T02:00:00,24.88,77.2,1091,6.05,1.8,1.0863,0.1067,55.0
2026-01-15T03:00:00,25.91,79.2,1140,6.04,1.85,0.9488,0.114,57.07
2026-01-15T04:00:00,26.04,78.0,1186,5.9,1.76,1.0035,0.1128,58.66
2026-01-15T05:00:00,25.64,80.9,1234,5.99,1.82,0.8804,0.1152,59.66
2026-01-15T06:00:00,25.92,78.5,1184,6.06,1.72,1.0818,0.1131,60.0
2026-01-15T07:00:00,25.23,80.6,1188,6.04,1.82,1.016,0.1129,59.66
2026-01-15T08:00:00,25.37,79.3,1166,6.13,1.8,1.0056,0.1118,58.66
2026-01-15T09:00:00,25.56,79.7,1093,6.05,1.82,1.034,0.1132,57.07
2026-01-15T10:00:00,25.1,77.8,1115,5.92,1.85,1.0272,0.1085,55.0
2026-01-15T11:00:00,23.89,76.5,1076,6.15,1.8,1.0866,0.1015,52.59
2026-01-15T12:00:00,24.23,74.1,1009,5.82,1.8,1.0298,0.0997,50.0
2026-01-15T13:00:00,23.31,75.2,934,6.04,1.81,1.0024,0.0974,47.41
2026-01-15T14:00:00,22.95,73.3,916,5.98,1.78,0.9306,0.0935,45.0
2026-01-15T15:00:00,21.91,71.9,840,5.94,1.83,0.9805,0.0876,42.93
2026-01-15T16:00:00,22.34,71.9,784,5.88,1.77,0.985,0.0892,41.34
2026-01-15T17:00:00,22.17,69.3,804,5.99,1.83,1.0033,0.0854,40.34
2026-01-15T18:00:00,21.09,69.9,799,6.04,1.83,1.2683,0.0818,40.0
2026-01-15T19:00:00,21.85,69.7,800,5.88,1.82,1.0114,0.0846,40.34
2026-01-15T20:00:00,21.32,70.0,828,6.12,1.79,1.1324,0.0829,41.34
2026-01-15T21:00:00,22.74,71.5,865,5.94,1.76,1.0341,0.0903,42.93
2026-01-15T22:00:00,23.16,72.9,909,6.17,1.81,0.9522,0.0938,45.0
2026-01-15T23:00:00,23.22,74.1,980,6.07,1.81,1.1259,0.0956,47.41
2026-01-16T00:00:00,24.07,74.7,1017,5.8,1.76,1.0828,0.0999,50.0
2026-01-16T01:00:00,24.22,76.4,1099,5.93,1.79,1.0895,0.1028,52.59
2026-01-16T02:00:00,24.9,76.2,1094,5.92,1.85,1.1133,0.1054,55.0
2026-01-16T03:00:00,25.29,79.3,1097,5.95,1.8,1.2344,0.1114,57.07
2026-01-16T04:00:00,25.36,78.0,1179,5.96,1.92,0.9852,0.1099,58.66
2026-01-16T05:00:00,25.5,80.9,1200,5.94,1.91,0.9329,0.1147,59.66
2026-01-16T06:00:00,25.72,80.2,1197,6.01,1.83,0.9668,0.1147,60.0
2026-01-16T07:00:00,26.08,78.8,1220,6.06,1.8,1.2266,0.1142,59.66
2026-01-16T08:00:00,25.88,79.5,1160,5.93,1.83,1.388,0.1142,58.66
2026-01-16T09:00:00,25.88,78.8,1135,6.02,1.8,1.145,0.1133,57.07
2026-01-16T10:00:00,25.9,77.5,1121,6.07,1.87,1.0061,0.1115,55.0
2026-01-16T11:00:00,24.42,77.0,1062,5.91,1.86,1.0007,0.1045,52.59
2026-01-16T12:00:00,23.33,74.2,988,5.91,1.83,1.0506,0.0962,50.0
2026-01-16T13:00:00,24.14,73.5,963,6.18,1.81,1.2065,0.0986,47.41
2026-01-16T14:00:00,23.61,71.2,900,5.97,1.91,1.1648,0.0934,45.0
2026-01-16T15:00:00,22.05,69.7,865,6.02,1.74,1.0321,0.0854,42.93
2026-01-16T16:00:00,22.81,73.4,823,6.05,1.8,1.07,0.0931,41.34
2026-01-16T17:00:00,21.51,70.3,757,5.86,1.85,1.0759,0.0841,40.34
2026-01-16T18:00:00,22.57,68.7,843,5.97,1.8,1.0701,0.0861,40.0
2026-01-16T19:00:00,22.7,69.8,813,6.15,1.73,0.9108,0.0881,40.34
2026-01-16T20:00:00,22.05,72.6,792,5.95,1.78,1.0593,0.0889,41.34
2026-01-16T21:00:00,22.99,73.1,860,6.04,1.84,0.8777,0.0934,42.93
2026-01-16T22:00:00,22.94,72.7,894,6.07,1.81,1.1122,0.0927,45.0
2026-01-16T23:00:00,23.05,73.7,953,6.16,1.82,0.9343,0.0944,47.41
2026-01-17T00:00:00,24.15,73.7,1008,5.99,1.79,0.9851,0.0988,50.0
2026-01-17T01:00:00,24.58,75.9,1018,5.96,1.74,0.9053,0.1037,52.59
2026-01-17T02:00:00,25.23,77.1,1098,5.97,1.74,0.9949,0.108,55.0
2026-01-17T03:00:00,25.0,79.7,1122,6.01,1.76,1.0259,0.1107,57.07
2026-01-17T04:00:00,26.02,79.7,1171,5.94,1.77,1.024,0.1152,58.66
2026-01-17T05:00:00,25.82,80.0,1167,6.03,1.85,0.9345,0.1148,59.66
2026-01-17T06:00:00,26.48,80.7,1190,5.95,1.87,1.1819,0.1187,60.0
2026-01-17T07:00:00,25.99,78.5,1198,6.13,1.87,1.089,0.1134,59.66
2026-01-17T08:00:00,26.27,78.3,1198,6.04,1.79,1.122,0.1143,58.66
2026-01-17T09:00:00,24.73,80.1,1134,6.04,1.79,1.1672,0.1101,57.07
2026-01-17T10:00:00,25.36,75.8,1102,6.15,1.81,1.0101,0.1069,55.0
2026-01-17T11:00:00,23.62,77.5,1054,5.9,1.79,1.2676,0.1017,52.59
2026-01-17T12:00:00,23.49,75.7,1011,6.12,1.81,1.2613,0.0988,50.0
2026-01-17T13:00:00,23.76,74.3,912,5.97,1.84,1.1461,0.0981,47.41
2026-01-17T14:00:00,22.54,71.5,909,5.97,1.84,1.1754,0.0896,45.0
2026-01-17T15:00:00,23.13,70.9,867,5.92,1.85,1.0625,0.0911,42.93
2026-01-17T16:00:00,22.46,70.6,845,5.99,1.85,1.1517,0.0881,41.34
2026-01-17T17:00:00,21.92,70.5,797,5.94,1.79,1.1887,0.0858,40.34
2026-01-17T18:00:00,21.53,70.2,764,6.12,1.75,1.2746,0.084,40.0
2026-01-17T19:00:00,22.43,71.1,792,5.87,1.84,0.9437,0.0886,40.34
2026-01-17T20:00:00,22.47,69.8,816,6.06,1.88,1.0683,0.0872,41.34
2026-01-17T21:00:00,22.9,71.1,843,5.97,1.72,0.9675,0.0905,42.93
2026-01-17T22:00:00,23.32,71.7,898,6.17,1.87,1.1929,0.0929,45.0
2026-01-17T23:00:00,23.05,72.8,923,5.94,1.87,1.0544,0.0932,47.41
2026-01-18T00:00:00,24.96,73.3,968,5.96,1.74,1.2175,0.1016,50.0
2026-01-18T01:00:00,24.05,74.8,1045,6.12,1.73,1.0976,0.1,52.59
2026-01-18T02:00:00,24.44,78.7,1092,6.03,1.82,1.1901,0.1069,55.0
2026-01-18T03:00:00,25.31,79.4,1149,5.96,1.83,0.9825,0.1116,57.07
2026-01-18T04:00:00,26.81,80.9,1136,6.0,1.79,1.0746,0.1205,58.66
2026-01-18T05:00:00,25.8,78.8,1214,6.24,1.82,1.2683,0.113,59.66
2026-01-18T06:00:00,24.93,80.4,1213,6.12,1.82,1.278,0.1113,60.0
2026-01-18T07:00:00,25.8,79.9,1188,5.92,1.81,1.158,0.1146,59.66
2026-01-18T08:00:00,26.76,78.9,1190,5.87,1.76,1.1274,0.1173,58.66
2026-01-18T09:00:00,24.75,76.9,1110,5.97,1.86,1.0965,0.1058,57.07
2026-01-18T10:00:00,25.05,78.1,1139,5.93,1.78,1.1347,0.1086,55.0
2026-01-18T11:00:00,24.47,74.5,1039,6.11,1.84,1.0852,0.1013,52.59
2026-01-18T12:00:00,24.48,75.2,994,6.1,1.87,1.0877,0.1023,50.0
2026-01-18T13:00:00,22.76,73.1,939,6.01,1.83,1.2131,0.0924,47.41
2026-01-18T14:00:00,22.6,72.2,929,6.11,1.81,0.8046,0.0906,45.0
2026-01-18T15:00:00,23.2,71.1,882,5.94,1.82,1.1108,0.0917,42.93
2026-01-18T16:00:00,21.89,70.7,810,6.04,1.78,1.1088,0.0859,41.34
2026-01-18T17:00:00,22.13,71.1,829,6.03,1.79,1.0741,0.0874,40.34
2026-01-18T18:00:00,21.33,69.1,776,6.1,1.84,1.2113,0.0819,40.0
2026-01-18T19:00:00,22.09,68.6,845,5.97,1.82,1.0971,0.0843,40.34
2026-01-18T20:00:00,23.43,70.3,820,5.89,1.73,1.0228,0.0915,41.34
2026-01-18T21:00:00,22.01,72.2,854,6.05,1.74,1.2486,0.0882,42.93
2026-01-18T22:00:00,23.6,73.4,886,6.06,1.78,1.2233,0.0962,45.0
2026-01-18T23:00:00,23.68,73.4,938,6.09,1.82,1.2394,0.0966,47.41
2026-01-19T00:00:00,24.29,73.5,1004,5.95,1.83,1.128,0.0992,50.0
2026-01-19T01:00:00,24.36,77.3,1030,6.12,1.78,1.1311,0.1047,52.59
2026-01-19T02:00:00,24.87,78.5,1108,5.99,1.74,1.1396,0.1084,55.0
2026-01-19T03:00:00,25.09,78.7,1127,5.89,1.77,1.1915,0.1096,57.07
2026-01-19T04:00:00,26.24,77.4,1146,6.02,1.82,1.103,0.1128,58.66
2026-01-19T05:00:00,25.85,79.7,1205,6.07,1.84,1.372,0.1145,59.66
2026-01-19T06:00:00,25.43,79.9,1175,5.96,1.78,1.1435,0.1129,60.0
2026-01-19T07:00:00,25.96,79.7,1188,6.1,1.83,1.1877,0.1149,59.66
2026-01-19T08:00:00,25.59,79.8,1199,5.87,1.82,1.2691,0.1134,58.66
2026-01-19T09:00:00,25.04,79.9,1142,6.03,1.81,1.0835,0.1111,57.07
2026-01-19T10:00:00,24.74,78.9,1099,5.97,1.68,1.1964,0.1084,55.0
2026-01-19T11:00:00,24.29,76.4,1022,6.22,1.78,1.3799,0.103,52.59
2026-01-19T12:00:00,25.31,74.4,963,6.15,1.91,1.3471,0.1046,50.0
2026-01-19T13:00:00,22.93,73.0,941,6.04,1.65,1.1379,0.0929,47.41
2026-01-19T14:00:00,22.2,73.6,878,5.94,1.81,0.9426,0.0907,45.0
2026-01-19T15:00:00,23.3,71.0,875,5.93,1.81,1.3155,0.0919,42.93
2026-01-19T16:00:00,22.13,70.6,842,6.22,1.76,1.1709,0.0868,41.34
2026-01-19T17:00:00,21.51,68.7,803,6.04,1.83,1.1846,0.0821,40.34
2026-01-19T18:00:00,22.98,69.6,811,6.1,1.75,1.3898,0.0889,40.0
2026-01-19T19:00:00,21.21,71.5,842,6.1,1.79,1.2613,0.0843,40.34
2026-01-19T20:00:00,23.02,70.0,836,5.9,1.77,1.2247,0.0895,41.34
2026-01-19T21:00:00,22.72,71.6,870,6.02,1.83,1.2585,0.0904,42.93
2026-01-19T22:00:00,22.91,73.4,923,6.08,1.84,1.3169,0.0933,45.0
2026-01-19T23:00:00,23.51,72.8,935,5.71,1.88,1.2426,0.0951,47.41
2026-01-20T00:00:00,24.62,75.0,980,6.1,1.85,1.177,0.1026,50.0
2026-01-20T01:00:00,23.77,75.9,1041,6.19,1.78,1.2764,0.1003,52.59
2026-01-20T02:00:00,24.67,78.4,1105,6.2,1.74,1.0448,0.1075,55.0
2026-01-20T03:00:00,25.92,78.1,1122,6.03,1.9,1.4331,0.1125,57.07
2026-01-20T04:00:00,26.4,77.6,1157,5.96,1.77,1.2557,0.1138,58.66
2026-01-20T05:00:00,26.45,83.5,1186,6.11,1.82,1.2971,0.1227,59.66
2026-01-20T06:00:00,25.93,80.5,1187,6.03,1.73,1.0997,0.116,60.0
2026-01-20T07:00:00,26.37,80.2,1208,6.09,1.83,1.1905,0.1174,59.66
2026-01-20T08:00:00,26.61,78.7,1160,5.97,1.8,1.3954,0.1163,58.66
2026-01-20T09:00:00,24.55,78.4,1145,5.77,1.83,1.1264,0.107,57.07
2026-01-20T10:00:00,24.89,78.6,1102,5.87,1.82,1.4492,0.1087,55.0
2026-01-20T11:00:00,24.56,77.0,1057,5.94,1.9,1.2002,0.105,52.59
2026-01-20T12:00:00,23.87,77.5,1025,5.94,1.72,1.2724,0.1028,50.0
2026-01-20T13:00:00,22.61,73.1,955,6.04,1.76,1.3256,0.0918,47.41
2026-01-20T14:00:00,22.19,70.7,904,6.01,1.84,1.3428,0.0871,45.0
2026-01-20T15:00:00,22.51,72.8,855,5.92,1.84,1.2495,0.0911,42.93
2026-01-20T16:00:00,22.44,70.8,835,5.94,1.85,1.3688,0.0883,41.34
2026-01-20T17:00:00,22.18,71.2,816,5.89,1.76,1.2638,0.0877,40.34
2026-01-20T18:00:00,22.4,71.9,809,6.04,1.72,1.2451,0.0894,40.0
2026-01-20T19:00:00,22.16,70.0,805,6.21,1.81,1.2837,0.0862,40.34
2026-01-20T20:00:00,22.56,72.1,817,5.92,1.74,1.2504,0.0904,41.34
2026-01-20T21:00:00,22.88,70.2,856,6.03,1.83,1.3163,0.0892,42.93
2026-01-20T22:00:00,22.92,72.2,919,6.12,1.75,1.3266,0.0919,45.0
2026-01-20T23:00:00,24.06,74.2,931,6.09,1.8,1.3548,0.0991,47.41
2026-01-21T00:00:00,23.76,75.2,1021,6.04,1.82,1.3974,0.0993,50.0
2026-01-21T01:00:00,25.07,76.5,1060,6.23,1.77,1.4021,0.1065,52.59
2026-01-21T02:00:00,24.82,78.3,1115,5.9,1.76,1.2604,0.108,55.0
2026-01-21T03:00:00,24.52,79.6,1099,5.87,1.84,1.2366,0.1084,57.07
2026-01-21T04:00:00,24.75,78.7,1171,5.97,1.86,1.2996,0.1082,58.66
2026-01-21T05:00:00,26.72,80.4,1194,6.04,1.8,1.2797,0.1193,59.66
2026-01-21T06:00:00,27.29,80.3,1207,5.94,1.83,1.4127,0.1218,60.0
2026-01-21T07:00:00,25.21,77.4,1188,6.13,1.74,1.3725,0.1084,59.66
2026-01-21T08:00:00,25.51,79.6,1174,5.88,1.81,1.2823,0.1129,58.66
2026-01-21T09:00:00,25.78,79.9,1140,6.02,1.69,1.0873,0.1144,57.07
2026-01-21T10:00:00,24.79,78.2,1127,5.94,1.79,1.3514,0.1077,55.0
2026-01-21T11:00:00,24.17,76.9,1008,6.02,1.7,1.4397,0.1033,52.59
2026-01-21T12:00:00,23.55,73.0,997,6.1,1.76,1.2989,0.0956,50.0
2026-01-21T13:00:00,24.6,74.4,968,5.99,1.82,1.3511,0.1017,47.41
2026-01-21T14:00:00,22.0,71.6,902,5.94,1.93,1.4735,0.0875,45.0
2026-01-21T15:00:00,23.35,72.2,838,5.96,1.86,1.3429,0.0936,42.93
2026-01-21T16:00:00,23.12,70.8,824,6.08,1.83,1.3222,0.0909,41.34
2026-01-21T17:00:00,22.85,69.2,816,5.89,1.89,1.2359,0.0878,40.34
2026-01-21T18:00:00,22.53,71.8,783,5.99,1.7,1.4047,0.0899,40.0
2026-01-21T19:00:00,21.61,71.1,813,6.05,1.74,1.4716,0.0853,40.34
2026-01-21T20:00:00,22.88,69.9,815,5.92,1.77,1.3627,0.0889,41.34
2026-01-21T21:00:00,22.14,71.1,837,6.08,1.89,1.3494,0.0875,42.93
2026-01-21T22:00:00,23.8,71.7,902,5.94,1.72,1.3368,0.0948,45.0
2026-01-21T23:00:00,24.15,74.4,961,6.17,1.8,1.4144,0.0998,47.41
2026-01-22T00:00:00,24.05,74.5,1024,6.12,1.86,1.455,0.0996,50.0
2026-01-22T01:00:00,24.09,76.5,1019,6.0,1.79,1.3929,0.1024,52.59
2026-01-22T02:00:00,24.91,79.8,1126,6.2,1.86,1.4289,0.1105,55.0
2026-01-22T03:00:00,24.94,78.7,1186,6.01,1.8,1.4883,0.1091,57.07
2026-01-22T04:00:00,26.36,77.4,1188,5.97,1.82,1.3771,0.1133,58.66
2026-01-22T05:00:00,26.45,79.4,1190,6.3,1.9,1.3665,0.1167,59.66
2026-01-22T06:00:00,26.71,78.5,1202,6.14,1.89,1.3611,0.1165,60.0
2026-01-22T07:00:00,25.4,80.5,1183,5.99,1.84,1.4266,0.1136,59.66
2026-01-22T08:00:00,25.64,80.6,1159,5.75,1.76,1.3924,0.1148,58.66
2026-01-22T09:00:00,25.45,79.6,1111,5.84,1.78,1.4059,0.1125,57.07
2026-01-22T10:00:00,24.23,76.8,1106,5.8,1.77,1.2783,0.1034,55.0
2026-01-22T11:00:00,24.26,76.2,1077,5.95,1.79,1.4825,0.1027,52.59
2026-01-22T12:00:00,24.39,75.5,999,5.92,1.84,1.1921,0.1023,50.0
2026-01-22T13:00:00,22.93,73.7,956,6.1,1.86,1.6083,0.0938,47.41
2026-01-22T14:00:00,23.6,71.7,924,5.65,1.75,1.4891,0.0939,45.0
2026-01-22T15:00:00,22.35,73.1,862,5.77,1.87,1.3403,0.0907,42.93
2026-01-22T16:00:00,22.77,70.7,812,6.0,1.85,1.3222,0.0895,41.34
2026-01-22T17:00:00,22.14,70.8,828,5.95,1.81,1.6015,0.0871,40.34
2026-01-22T18:00:00,21.67,67.9,785,6.09,1.76,1.4094,0.0818,40.0
2026-01-22T19:00:00,21.74,69.6,801,6.01,1.74,1.5039,0.0841,40.34
2026-01-22T20:00:00,22.28,70.6,811,6.09,1.87,1.331,0.0873,41.34
2026-01-22T21:00:00,22.29,71.1,848,5.99,1.78,1.4552,0.0881,42.93
2026-01-22T22:00:00,22.8,73.0,917,5.93,1.73,1.4345,0.0924,45.0
2026-01-22T23:00:00,24.46,72.6,972,6.13,1.77,1.3613,0.0987,47.41
2026-01-23T00:00:00,24.18,75.3,1017,5.84,1.81,1.3797,0.1011,50.0
2026-01-23T01:00:00,23.85,75.0,1049,6.08,1.74,1.426,0.0994,52.59
2026-01-23T02:00:00,24.41,76.9,1115,6.14,1.82,1.557,0.1043,55.0
2026-01-23T03:00:00,24.61,78.3,1188,6.05,1.77,1.3693,0.1071,57.07
2026-01-23T04:00:00,25.27,80.2,1159,5.93,1.82,1.5194,0.1125,58.66
2026-01-23T05:00:00,25.73,79.9,1234,6.1,1.77,1.4006,0.1143,59.66
2026-01-23T06:00:00,25.41,79.9,1199,5.86,1.78,1.5141,0.1128,60.0
2026-01-23T07:00:00,25.39,78.1,1199,5.88,1.9,1.4923,0.1101,59.66
2026-01-23T08:00:00,25.65,79.4,1200,5.9,1.79,1.4775,0.1131,58.66
2026-01-23T09:00:00,24.94,80.2,1150,5.91,1.83,1.316,0.1111,57.07
2026-01-23T10:00:00,24.42,78.2,1093,6.08,1.82,1.4058,0.106,55.0
2026-01-23T11:00:00,23.76,76.3,1012,6.01,1.82,1.464,0.1008,52.59
2026-01-23T12:00:00,23.97,75.7,1004,5.92,1.76,1.5022,0.1008,50.0
2026-01-23T13:00:00,23.87,72.2,954,6.04,1.75,1.2647,0.0957,47.41
2026-01-23T14:00:00,23.15,72.9,872,6.02,1.76,1.4842,0.0938,45.0
2026-01-23T15:00:00,22.87,72.8,842,5.92,1.88,1.5709,0.0925,42.93
2026-01-23T16:00:00,22.37,70.4,829,5.95,1.82,1.4668,0.0875,41.34
2026-01-23T17:00:00,21.94,68.9,783,5.88,1.72,1.4439,0.084,40.34
2026-01-23T18:00:00,22.4,68.7,808,6.01,1.78,1.528,0.0855,40.0
2026-01-23T19:00:00,22.1,68.8,785,6.09,1.8,1.5694,0.0845,40.34
2026-01-23T20:00:00,22.31,72.2,826,6.05,1.79,1.4433,0.0894,41.34
2026-01-23T21:00:00,22.35,71.2,837,6.09,1.81,1.5392,0.0884,42.93
2026-01-23T22:00:00,21.9,73.7,916,6.0,1.78,1.4245,0.0897,45.0
2026-01-23T23:00:00,23.72,74.9,972,6.13,1.75,1.5787,0.0987,47.41
2026-01-24T00:00:00,25.11,74.3,1033,5.95,1.75,1.3766,0.1036,50.0
2026-01-24T01:00:00,24.31,76.7,1066,6.07,1.83,1.5543,0.1037,52.59
2026-01-24T02:00:00,24.37,77.0,1130,5.82,1.83,1.7059,0.1042,55.0
2026-01-24T03:00:00,25.32,77.6,1148,5.94,1.82,1.559,0.1092,57.07
2026-01-24T04:00:00,25.26,79.3,1170,6.12,1.8,1.5754,0.1112,58.66
2026-01-24T05:00:00,27.1,79.1,1210,5.94,1.78,1.5137,0.1191,59.66
2026-01-24T06:00:00,25.09,81.0,1190,5.92,1.84,1.3251,0.1129,60.0
2026-01-24T07:00:00,26.29,81.3,1175,6.05,1.78,1.5787,0.1188,59.66
2026-01-24T08:00:00,26.76,79.3,1158,5.88,1.82,1.472,0.1179,58.66
2026-01-24T09:00:00,25.28,78.4,1109,5.98,1.84,1.515,0.1101,57.07
2026-01-24T10:00:00,25.01,78.0,1100,5.98,1.74,1.5414,0.1085,55.0
2026-01-24T11:00:00,25.87,76.6,1043,6.03,1.8,1.633,0.11,52.59
2026-01-24T12:00:00,24.2,76.1,1017,6.01,1.85,1.3197,0.1023,50.0
2026-01-24T13:00:00,24.35,73.2,972,6.1,1.77,1.4695,0.099,47.41
2026-01-24T14:00:00,22.75,72.9,893,5.93,1.78,1.5895,0.0922,45.0
2026-01-24T15:00:00,23.06,70.4,865,5.99,1.74,1.6557,0.0902,42.93
2026-01-24T16:00:00,22.08,69.7,828,6.17,1.79,1.4757,0.0855,41.34
2026-01-24T17:00:00,21.42,70.6,795,6.01,1.84,1.4915,0.084,40.34
2026-01-24T18:00:00,21.98,70.0,805,5.87,1.79,1.5888,0.0855,40.0
2026-01-24T19:00:00,21.94,69.8,841,5.9,1.84,1.5339,0.085,40.34
2026-01-24T20:00:00,21.71,71.3,839,6.11,1.74,1.5264,0.086,41.34
2026-01-24T21:00:00,21.94,70.9,877,6.0,1.83,1.5433,0.0864,42.93
2026-01-24T22:00:00,22.75,74.2,921,6.02,1.81,1.5002,0.0938,45.0
2026-01-24T23:00:00,23.73,75.5,964,6.12,1.85,1.5102,0.0995,47.41
2026-01-25T00:00:00,23.59,75.6,1000,6.13,1.83,1.7134,0.099,50.0
2026-01-25T01:00:00,24.48,76.6,1078,5.91,1.83,1.6228,0.1041,52.59
2026-01-25T02:00:00,25.02,77.3,1095,5.9,1.83,1.6739,0.1075,55.0
2026-01-25T03:00:00,25.28,79.7,1125,5.97,1.75,1.3212,0.112,57.07
2026-01-25T04:00:00,25.88,80.4,1141,6.14,1.89,1.5697,0.1157,58.66
2026-01-25T05:00:00,25.15,80.7,1180,5.98,1.8,1.7472,0.1128,59.66
2026-01-25T06:00:00,26.64,79.2,1214,6.11,1.74,1.6145,0.1172,60.0
2026-01-25T07:00:00,26.03,80.3,1212,5.81,1.72,1.5189,0.1161,59.66
2026-01-25T08:00:00,25.47,80.6,1166,6.03,1.82,1.6945,0.1141,58.66
2026-01-25T09:00:00,25.34,78.4,1143,5.87,1.79,1.6309,0.1104,57.07
2026-01-25T10:00:00,24.98,77.5,1088,5.99,1.77,1.5503,0.1075,55.0
2026-01-25T11:00:00,24.56,75.2,1026,5.98,1.76,1.5759,0.1027,52.59
2026-01-25T12:00:00,23.34,75.7,1014,6.09,1.79,1.5332,0.0982,50.0
2026-01-25T13:00:00,23.46,73.0,961,6.03,1.82,1.8191,0.0951,47.41
2026-01-25T14:00:00,23.2,72.3,914,6.04,1.76,1.5559,0.0932,45.0
2026-01-25T15:00:00,22.62,70.6,867,6.05,1.78,1.5732,0.0888,42.93
2026-01-25T16:00:00,21.23,70.3,816,5.93,1.67,1.4968,0.083,41.34
2026-01-25T17:00:00,22.1,72.4,818,6.12,1.71,1.7939,0.0889,40.34
2026-01-25T18:00:00,22.65,68.6,789,5.97,1.9,1.5544,0.0863,40.0
2026-01-25T19:00:00,21.22,69.4,796,5.99,1.85,1.7532,0.0818,40.34
2026-01-25T20:00:00,21.79,69.5,843,5.95,1.8,1.7827,0.0841,41.34
2026-01-25T21:00:00,21.92,70.5,853,5.91,1.81,1.8248,0.0858,42.93
2026-01-25T22:00:00,22.85,71.2,901,5.95,1.8,1.5384,0.0904,45.0
2026-01-25T23:00:00,23.23,73.5,976,6.03,1.84,1.6384,0.0949,47.41
2026-01-26T00:00:00,23.66,74.8,1009,5.83,1.79,1.6701,0.0983,50.0
2026-01-26T01:00:00,25.25,74.4,1067,5.84,1.74,1.6795,0.1044,52.59
2026-01-26T02:00:00,25.75,78.5,1105,6.05,1.88,1.5086,0.1123,55.0
2026-01-26T03:00:00,25.51,80.8,1148,6.17,1.78,1.6711,0.1145,57.07
2026-01-26T04:00:00,25.77,79.4,1158,6.03,1.67,1.8469,0.1137,58.66
2026-01-26T05:00:00,25.99,79.5,1190,5.92,1.87,1.7508,0.1148,59.66
2026-01-26T06:00:00,26.1,81.0,1168,5.99,1.89,1.6125,0.1175,60.0
2026-01-26T07:00:00,25.81,80.4,1201,6.12,1.78,1.7788,0.1154,59.66
2026-01-26T08:00:00,25.06,79.3,1185,6.08,1.84,1.7685,0.1105,58.66
2026-01-26T09:00:00,25.84,78.0,1124,6.12,1.76,1.708,0.1119,57.07
2026-01-26T10:00:00,24.54,77.9,1089,5.95,1.89,1.749,0.1062,55.0
2026-01-26T11:00:00,25.3,76.1,1033,5.93,1.78,1.8213,0.1069,52.59
2026-01-26T12:00:00,23.93,73.9,993,6.04,1.74,1.7582,0.0982,50.0
2026-01-26T13:00:00,22.14,73.5,946,5.96,1.82,1.6942,0.0905,47.41
2026-01-26T14:00:00,23.2,71.9,902,5.99,1.77,1.814,0.0927,45.0
2026-01-26T15:00:00,22.3,70.6,835,5.98,1.82,1.6829,0.0875,42.93
2026-01-26T16:00:00,21.88,67.7,829,5.99,1.79,1.5757,0.0823,41.34
2026-01-26T17:00:00,22.85,69.4,843,5.94,1.9,1.8272,0.0881,40.34
2026-01-26T18:00:00,22.32,70.8,813,6.01,1.8,1.9682,0.0878,40.0
2026-01-26T19:00:00,21.41,70.2,826,5.96,1.86,1.8993,0.0834,40.34
2026-01-26T20:00:00,23.01,72.0,796,5.98,1.69,1.8159,0.0921,41.34
2026-01-26T21:00:00,22.61,71.1,857,5.93,1.79,1.7461,0.0893,42.93
2026-01-26T22:00:00,22.56,73.4,892,6.02,1.81,1.974,0.0919,45.0
2026-01-26T23:00:00,23.4,73.6,975,6.06,1.85,1.7538,0.0957,47.41
2026-01-27T00:00:00,24.16,75.0,1025,6.08,1.8,1.7412,0.1006,50.0
2026-01-27T01:00:00,23.64,77.2,1055,5.68,1.77,1.6979,0.1013,52.59
2026-01-27T02:00:00,24.99,78.1,1103,5.74,1.71,1.7412,0.1084,55.0
2026-01-27T03:00:00,25.67,78.5,1143,5.94,1.85,1.7487,0.112,57.07
2026-01-27T04:00:00,24.87,79.7,1181,6.04,1.75,1.8188,0.1101,58.66
2026-01-27T05:00:00,25.84,79.2,1179,6.04,1.81,1.7872,0.1136,59.66
2026-01-27T06:00:00,26.07,80.2,1206,5.99,1.78,2.0032,0.1162,60.0
2026-01-27T07:00:00,24.91,80.3,1203,6.11,1.84,1.7692,0.1111,59.66
2026-01-27T08:00:00,26.82,79.6,1171,5.91,1.77,1.6977,0.1187,58.66
2026-01-27T09:00:00,24.71,76.9,1143,6.04,1.82,1.767,0.1056,57.07
2026-01-27T10:00:00,25.18,79.1,1128,5.98,1.78,1.8127,0.1107,55.0
2026-01-27T11:00:00,24.97,76.7,1075,5.91,1.81,1.7595,0.1064,52.59
2026-01-27T12:00:00,23.94,75.8,992,6.03,1.83,1.7783,0.1008,50.0
2026-01-27T13:00:00,24.28,75.5,975,5.98,1.85,1.7407,0.1018,47.41
2026-01-27T14:00:00,23.45,71.8,895,5.97,1.84,1.637,0.0936,45.0
2026-01-27T15:00:00,23.19,72.2,852,6.05,1.82,1.8725,0.093,42.93
2026-01-27T16:00:00,21.35,69.3,809,6.11,1.78,1.7096,0.0822,41.34
2026-01-27T17:00:00,22.67,70.0,829,6.09,1.77,1.9061,0.0882,40.34
2026-01-27T18:00:00,21.49,71.1,773,6.0,1.73,1.8256,0.0849,40.0
2026-01-27T19:00:00,22.6,69.9,807,6.07,1.81,1.6613,0.0877,40.34
2026-01-27T20:00:00,22.54,70.5,857,5.94,1.82,1.8464,0.0883,41.34
2026-01-27T21:00:00,21.82,73.0,877,5.89,1.85,1.6197,0.0885,42.93
2026-01-27T22:00:00,22.76,72.8,881,6.25,1.77,1.9638,0.0921,45.0
2026-01-27T23:00:00,23.73,73.1,987,5.84,1.8,1.6203,0.0964,47.41
2026-01-28T00:00:00,23.33,74.1,1011,6.01,1.8,1.7536,0.0961,50.0
2026-01-28T01:00:00,24.69,75.6,1047,6.06,1.81,1.7368,0.1038,52.59
2026-01-28T02:00:00,25.09,77.7,1125,6.11,1.78,1.8667,0.1082,55.0
2026-01-28T03:00:00,25.83,78.4,1144,6.05,1.81,1.6858,0.1124,57.07
2026-01-28T04:00:00,25.92,78.8,1164,6.0,1.76,1.8812,0.1135,58.66
2026-01-28T05:00:00,26.55,80.3,1192,6.12,1.79,1.8316,0.1185,59.66
2026-01-28T06:00:00,25.81,80.5,1198,5.94,1.81,1.8077,0.1154,60.0
2026-01-28T07:00:00,26.12,79.1,1203,5.92,1.84,1.769,0.1148,59.66
2026-01-28T08:00:00,25.74,79.4,1169,6.06,1.79,1.8885,0.1136,58.66
2026-01-28T09:00:00,25.66,78.0,1122,6.02,1.78,1.711,0.1112,57.07
2026-01-28T10:00:00,25.22,78.3,1098,6.08,1.73,1.7588,0.1098,55.0
2026-01-28T11:00:00,24.32,76.4,1003,5.85,1.7,1.552,0.1032,52.59
2026-01-28T12:00:00,23.61,73.1,984,6.02,1.75,1.6916,0.0959,50.0
2026-01-28T13:00:00,23.92,74.8,960,6.23,1.84,1.8108,0.0994,47.41
2026-01-28T14:00:00,23.17,71.3,875,6.07,1.87,1.9069,0.0918,45.0
2026-01-28T15:00:00,23.1,69.5,881,5.97,1.84,1.9553,0.0892,42.93
2026-01-28T16:00:00,22.2,71.4,801,5.86,1.86,1.8162,0.088,41.34
2026-01-28T17:00:00,21.99,69.9,803,6.02,1.83,1.6311,0.0853,40.34
2026-01-28T18:00:00,21.05,71.0,801,5.88,1.78,1.8587,0.0831,40.0
2026-01-28T19:00:00,22.07,71.5,781,5.94,1.81,1.9844,0.0877,40.34
2026-01-28T20:00:00,22.49,69.0,828,6.02,1.72,1.9819,0.0862,41.34
2026-01-28T21:00:00,21.56,71.4,871,5.99,1.79,1.9391,0.0855,42.93
2026-01-28T22:00:00,22.17,71.8,918,5.98,1.86,1.8506,0.0884,45.0
2026-01-28T23:00:00,23.98,75.9,965,6.22,1.79,1.8824,0.1012,47.41
2026-01-29T00:00:00,24.25,74.1,1025,6.05,1.84,1.8505,0.0998,50.0
2026-01-29T01:00:00,23.47,76.0,1050,5.99,1.79,1.9672,0.0991,52.59
2026-01-29T02:00:00,24.95,76.6,1123,6.02,1.76,1.9645,0.1062,55.0
2026-01-29T03:00:00,25.58,76.8,1152,5.93,1.81,1.8762,0.1091,57.07
2026-01-29T04:00:00,26.43,79.8,1203,6.0,1.78,1.8178,0.1172,58.66
2026-01-29T05:00:00,26.46,79.6,1149,6.01,1.74,1.7257,0.117,59.66
2026-01-29T06:00:00,25.86,81.6,1153,6.03,1.8,1.91,0.1172,60.0
2026-01-29T07:00:00,25.41,81.0,1180,5.97,1.72,1.9151,0.1143,59.66
2026-01-29T08:00:00,26.21,81.3,1138,6.03,1.73,1.8759,0.1183,58.66
2026-01-29T09:00:00,24.93,77.6,1095,5.85,1.76,1.9809,0.1075,57.07
2026-01-29T10:00:00,25.79,78.8,1096,5.96,1.78,1.9212,0.1128,55.0
2026-01-29T11:00:00,24.44,75.8,1042,6.04,1.77,1.972,0.1029,52.59
2026-01-29T12:00:00,23.32,73.4,999,6.08,1.78,1.9793,0.095,50.0
2026-01-29T13:00:00,23.71,72.8,932,5.92,1.84,1.9883,0.096,47.41
2026-01-29T14:00:00,21.91,72.0,901,6.03,1.82,2.0318,0.0877,45.0
2026-01-29T15:00:00,22.36,71.5,856,5.98,1.89,1.8663,0.0888,42.93
2026-01-29T16:00:00,23.18,69.4,816,5.9,1.75,1.9089,0.0894,41.34
2026-01-29T17:00:00,21.66,69.2,791,5.88,1.75,1.921,0.0833,40.34
2026-01-29T18:00:00,22.31,71.1,801,6.11,1.83,2.0711,0.0881,40.0
2026-01-29T19:00:00,22.51,69.9,817,6.16,1.77,2.1441,0.0874,40.34
2026-01-29T20:00:00,22.1,69.1,805,6.05,1.77,2.0295,0.0848,41.34
2026-01-29T21:00:00,23.34,72.9,849,5.86,1.81,1.9917,0.0945,42.93
2026-01-29T22:00:00,23.34,73.3,919,6.03,1.84,2.0101,0.0951,45.0
2026-01-29T23:00:00,23.94,72.2,957,6.0,1.79,2.1241,0.096,47.41
2026-01-30T00:00:00,23.67,75.8,1014,5.8,1.81,2.058,0.0997,50.0
2026-01-30T01:00:00,23.14,74.3,1037,5.84,1.89,2.1517,0.0955,52.59
2026-01-30T02:00:00,25.06,78.9,1135,5.92,1.81,2.0296,0.1098,55.0
2026-01-30T03:00:00,25.52,78.7,1153,5.94,1.81,1.9889,0.1116,57.07
2026-01-30T04:00:00,25.49,79.7,1156,5.98,1.72,1.9187,0.1129,58.66
2026-01-30T05:00:00,25.67,80.8,1182,5.94,1.77,2.0978,0.1153,59.66
2026-01-30T06:00:00,26.5,81.3,1214,6.08,1.83,1.9982,0.1197,60.0
2026-01-30T07:00:00,25.57,80.8,1182,5.96,1.79,1.9652,0.1148,59.66
2026-01-30T08:00:00,25.21,79.0,1148,5.8,1.84,2.2354,0.1107,58.66
2026-01-30T09:00:00,26.07,80.0,1155,6.0,1.78,2.0008,0.1159,57.07
2026-01-30T10:00:00,25.27,79.1,1128,6.12,1.8,1.9437,0.1111,55.0
2026-01-30T11:00:00,24.96,77.1,1056,5.85,1.76,1.9735,0.1069,52.59
2026-01-30T12:00:00,24.04,74.3,997,6.06,1.89,2.0735,0.0992,50.0
2026-01-30T13:00:00,23.53,71.8,929,5.91,1.81,2.08,0.0939,47.41
2026-01-30T14:00:00,23.29,73.1,871,5.96,1.81,2.0764,0.0946,45.0
2026-01-30T15:00:00,22.81,71.5,895,6.19,1.78,2.0542,0.0906,42.93
2026-01-30T16:00:00,22.61,69.9,796,6.02,1.8,2.0264,0.0878,41.34
2026-01-30T17:00:00,21.44,70.3,823,5.97,1.89,2.123,0.0837,40.34
2026-01-30T18:00:00,22.32,70.0,773,6.02,1.8,1.9857,0.0868,40.0
2026-01-30T19:00:00,22.76,69.7,799,6.2,1.8,2.0753,0.0881,40.34
2026-01-30T20:00:00,22.56,71.7,831,6.0,1.8,2.1086,0.0899,41.34
2026-01-30T21:00:00,22.26,72.1,846,6.0,1.83,2.194,0.0891,42.93
2026-01-30T22:00:00,23.26,71.6,896,6.01,1.75,2.2361,0.0926,45.0
2026-01-30T23:00:00,23.23,70.4,968,5.7,1.8,2.1808,0.0909,47.41
2026-01-31T00:00:00,23.77,74.7,1007,6.0,1.85,2.0695,0.0986,50.0
2026-01-31T01:00:00,24.98,75.6,1057,6.01,1.79,2.2889,0.1049,52.59
2026-01-31T02:00:00,24.87,77.9,1086,6.05,1.77,2.0815,0.1077,55.0
2026-01-31T03:00:00,26.25,77.2,1157,6.17,1.82,2.1635,0.1125,57.07
2026-01-31T04:00:00,26.12,80.0,1172,6.2,1.86,2.0799,0.1161,58.66
2026-01-31T05:00:00,25.16,78.5,1178,5.99,1.84,2.1246,0.1097,59.66
2026-01-31T06:00:00,26.64,78.2,1199,6.2,1.84,2.1735,0.1157,60.0
2026-01-31T07:00:00,25.81,80.6,1212,5.93,1.81,1.9795,0.1156,59.66
2026-01-31T08:00:00,24.95,79.4,1178,6.05,1.85,2.1509,0.11,58.66
2026-01-31T09:00:00,24.38,78.2,1164,6.12,1.74,2.1828,0.106,57.07
2026-01-31T10:00:00,24.57,76.5,1081,6.13,1.79,2.0041,0.1044,55.0
2026-01-31T11:00:00,24.43,76.1,1048,6.03,1.79,2.2396,0.1033,52.59
2026-01-31T12:00:00,23.95,75.8,999,6.0,1.76,2.225,0.1009,50.0
2026-01-31T13:00:00,23.33,72.8,942,5.88,1.74,1.916,0.0944,47.41
2026-01-31T14:00:00,23.61,71.6,914,5.85,1.86,2.3049,0.0939,45.0
2026-01-31T15:00:00,21.88,72.7,868,6.01,1.72,2.1257,0.0883,42.93
2026-01-31T16:00:00,22.5,70.1,824,6.09,1.74,2.1486,0.0876,41.34
2026-01-31T17:00:00,22.17,69.6,775,6.07,1.75,2.2035,0.0858,40.34
2026-01-31T18:00:00,21.73,70.5,816,6.02,1.83,2.2444,0.0851,40.0
2026-01-31T19:00:00,22.94,68.6,804,6.18,1.77,2.114,0.0874,40.34
2026-01-31T20:00:00,22.77,70.9,808,6.16,1.78,2.1539,0.0897,41.34
2026-01-31T21:00:00,22.8,69.4,840,5.96,1.84,2.106,0.088,42.93
2026-01-31T22:00:00,23.38,74.5,904,5.92,1.82,2.1728,0.0968,45.0
2026-01-31T23:00:00,23.95,74.5,975,5.91,1.81,2.1706,0.0992,47.41
2026-02-01T00:00:00,24.16,74.8,996,5.96,1.74,2.0062,0.1004,50.0
2026-02-01T01:00:00,25.13,76.5,1062,6.04,1.77,2.3399,0.1068,52.59
2026-02-01T02:00:00,25.13,78.5,1124,6.01,1.75,2.252,0.1096,55.0
2026-02-01T03:00:00,25.75,78.5,1121,6.03,1.76,2.2196,0.1123,57.07
2026-02-01T04:00:00,25.46,80.0,1179,5.87,1.81,2.0789,0.1132,58.66
2026-02-01T05:00:00,25.95,80.6,1222,6.0,1.81,2.3411,0.1162,59.66
2026-02-01T06:00:00,25.84,80.4,1187,5.99,1.76,2.4201,0.1155,60.0
2026-02-01T07:00:00,26.64,80.7,1209,6.12,1.78,2.293,0.1194,59.66
2026-02-01T08:00:00,26.0,77.7,1162,5.94,1.86,2.2922,0.1123,58.66
2026-02-01T09:00:00,25.49,79.1,1144,6.1,1.88,2.2615,0.112,57.07
2026-02-01T10:00:00,25.74,77.3,1081,5.92,1.78,2.23,0.1105,55.0
2026-02-01T11:00:00,24.05,75.9,1033,5.99,1.85,2.2458,0.1014,52.59
2026-02-01T12:00:00,23.74,74.1,1008,6.05,1.75,2.3685,0.0978,50.0
2026-02-01T13:00:00,23.55,73.2,936,6.04,1.71,2.3156,0.0958,47.41
2026-02-01T14:00:00,23.32,72.3,859,5.93,1.76,2.3598,0.0937,45.0
2026-02-01T15:00:00,22.27,70.1,831,5.96,1.86,2.374,0.0867,42.93
2026-02-01T16:00:00,22.56,70.2,886,5.92,1.76,2.0903,0.0881,41.34
2026-02-01T17:00:00,21.71,70.9,801,6.05,1.84,2.5073,0.0856,40.34
2026-02-01T18:00:00,20.97,69.1,777,6.22,1.86,2.0609,0.0805,40.0
2026-02-01T19:00:00,22.05,71.3,803,6.07,1.81,2.1964,0.0873,40.34
2026-02-01T20:00:00,22.73,70.5,821,6.01,1.8,2.2024,0.0891,41.34
2026-02-01T21:00:00,21.63,70.5,850,5.8,1.82,2.2571,0.0848,42.93
2026-02-01T22:00:00,23.24,73.3,902,5.95,1.86,2.2065,0.0947,45.0
2026-02-01T23:00:00,24.12,73.3,967,6.05,1.78,2.1433,0.0983,47.41
2026-02-02T00:00:00,23.89,75.1,1014,6.09,1.78,2.372,0.0997,50.0
2026-02-02T01:00:00,24.26,76.8,1050,5.93,1.95,2.4432,0.1035,52.59
2026-02-02T02:00:00,25.24,78.1,1103,6.04,1.78,2.08,0.1096,55.0
2026-02-02T03:00:00,25.79,77.3,1167,6.02,1.88,2.4386,0.1107,57.07
2026-02-02T04:00:00,25.96,79.5,1149,6.09,1.75,2.6695,0.1147,58.66
2026-02-02T05:00:00,26.81,78.6,1183,5.97,1.82,2.3402,0.117,59.66
2026-02-02T06:00:00,25.7,79.5,1199,5.93,1.78,2.3369,0.1134,60.0
2026-02-02T07:00:00,25.55,79.6,1182,6.14,1.72,2.511,0.1131,59.66
2026-02-02T08:00:00,25.96,79.0,1156,5.95,1.75,2.4248,0.114,58.66
2026-02-02T09:00:00,25.52,80.1,1172,6.03,1.87,2.4274,0.1136,57.07
2026-02-02T10:00:00,24.97,78.3,1101,5.93,1.82,2.2528,0.1087,55.0
2026-02-02T11:00:00,24.64,76.2,1019,5.88,1.77,2.3461,0.1043,52.59
2026-02-02T12:00:00,23.96,75.4,990,5.97,1.72,2.4234,0.1003,50.0
2026-02-02T13:00:00,23.2,73.0,940,5.9,1.75,2.4168,0.0941,47.41
2026-02-02T14:00:00,24.09,71.9,880,5.93,1.84,2.4561,0.0962,45.0
2026-02-02T15:00:00,23.34,72.4,852,5.98,1.88,2.3681,0.0939,42.93
2026-02-02T16:00:00,22.05,71.3,845,6.12,1.74,2.5237,0.0874,41.34
2026-02-02T17:00:00,21.99,70.7,801,5.93,1.85,2.354,0.0864,40.34
2026-02-02T18:00:00,20.78,68.4,784,5.91,1.75,2.5484,0.079,40.0
2026-02-02T19:00:00,22.06,70.9,792,6.12,1.82,2.5192,0.0869,40.34
2026-02-02T20:00:00,22.87,70.2,812,6.02,1.86,2.3906,0.0891,41.34
2026-02-02T21:00:00,23.11,72.8,877,6.2,1.84,2.2981,0.0934,42.93
2026-02-02T22:00:00,22.32,72.6,878,6.06,1.88,2.4691,0.0901,45.0
2026-02-02T23:00:00,23.86,72.8,961,5.96,1.82,2.3969,0.0965,47.41
2026-02-03T00:00:00,24.34,75.4,1020,6.03,1.75,2.3524,0.1019,50.0
2026-02-03T01:00:00,24.74,76.6,1062,5.85,1.78,2.4251,0.1053,52.59
2026-02-03T02:00:00,24.9,78.3,1110,6.0,1.77,2.5391,0.1083,55.0
2026-02-03T03:00:00,24.72,79.5,1105,6.1,1.8,2.6799,0.1092,57.07
2026-02-03T04:00:00,26.24,80.1,1198,5.88,1.91,2.5574,0.1168,58.66
2026-02-03T05:00:00,25.34,80.8,1177,5.98,1.85,2.4205,0.1138,59.66
2026-02-03T06:00:00,26.38,80.2,1220,5.89,1.77,2.3263,0.1176,60.0
2026-02-03T07:00:00,25.2,80.1,1215,5.94,1.87,2.5597,0.1121,59.66
2026-02-03T08:00:00,25.47,79.2,1193,6.14,1.84,2.6919,0.1121,58.66
2026-02-03T09:00:00,25.03,79.3,1118,5.94,1.86,2.4461,0.1102,57.07
2026-02-03T10:00:00,24.98,79.9,1120,6.09,1.77,2.4091,0.1109,55.0
2026-02-03T11:00:00,24.3,77.1,1048,6.04,1.86,2.5866,0.1041,52.59
2026-02-03T12:00:00,24.17,73.7,998,5.93,1.81,2.574,0.099,50.0
2026-02-03T13:00:00,23.66,74.8,951,5.88,1.84,2.5471,0.0984,47.41
2026-02-03T14:00:00,22.78,71.0,889,6.18,1.78,2.5088,0.0899,45.0
2026-02-03T15:00:00,22.44,71.8,891,6.0,1.77,2.3773,0.0895,42.93
2026-02-03T16:00:00,21.48,71.5,816,5.98,1.81,2.735,0.0853,41.34
2026-02-03T17:00:00,21.79,69.1,822,5.94,1.8,2.5566,0.0837,40.34
2026-02-03T18:00:00,22.12,67.7,817,5.91,1.74,2.4293,0.0832,40.0
2026-02-03T19:00:00,22.28,70.7,788,6.03,1.79,2.5326,0.0875,40.34
2026-02-03T20:00:00,22.17,72.3,834,5.87,1.8,2.5288,0.0891,41.34
2026-02-03T21:00:00,22.29,71.5,824,5.97,1.76,2.3139,0.0886,42.93
2026-02-03T22:00:00,22.94,72.9,929,5.87,1.85,2.6941,0.0929,45.0
2026-02-03T23:00:00,23.51,73.1,981,5.9,1.85,2.7476,0.0955,47.41
2026-02-04T00:00:00,24.18,75.6,1014,5.86,1.75,2.5483,0.1016,50.0
2026-02-04T01:00:00,24.78,75.2,1036,5.97,1.8,2.8433,0.1036,52.59
2026-02-04T02:00:00,24.82,78.8,1101,6.16,1.78,2.5991,0.1087,55.0
2026-02-04T03:00:00,25.59,78.1,1130,6.19,1.86,2.4333,0.111,57.07
2026-02-04T04:00:00,26.62,78.5,1138,6.12,1.88,2.6538,0.1162,58.66
2026-02-04T05:00:00,26.39,79.5,1161,5.94,1.81,2.6291,0.1165,59.66
2026-02-04T06:00:00,25.37,81.2,1172,6.15,1.81,2.8294,0.1144,60.0
2026-02-04T07:00:00,25.46,82.1,1192,6.18,1.82,2.6011,0.1161,59.66
2026-02-04T08:00:00,25.44,78.5,1202,5.94,1.8,2.5062,0.111,58.66
2026-02-04T09:00:00,25.24,79.0,1138,5.92,1.78,2.4437,0.1108,57.07
2026-02-04T10:00:00,25.17,78.4,1105,6.07,1.83,2.5562,0.1096,55.0
2026-02-04T11:00:00,24.64,73.1,1074,6.09,1.81,2.5676,0.1001,52.59
2026-02-04T12:00:00,23.9,75.2,994,6.05,1.79,2.6367,0.0999,50.0
2026-02-04T13:00:00,23.33,74.8,929,5.94,1.81,2.6447,0.0969,47.41
2026-02-04T14:00:00,22.54,72.6,905,6.09,1.74,2.6518,0.0909,45.0
2026-02-04T15:00:00,22.04,73.2,886,6.09,1.84,2.716,0.0897,42.93
2026-02-04T16:00:00,21.6,69.5,800,6.02,1.84,2.6632,0.0834,41.34
2026-02-04T17:00:00,21.54,70.6,795,5.87,1.78,2.757,0.0844,40.34
2026-02-04T18:00:00,21.83,70.2,802,5.98,1.78,2.7228,0.0851,40.0
2026-02-04T19:00:00,21.94,71.0,816,6.13,1.77,2.6534,0.0866,40.34
2026-02-04T20:00:00,22.48,71.2,822,6.06,1.73,2.7695,0.089,41.34
2026-02-04T21:00:00,21.7,72.0,892,6.0,1.78,2.7572,0.0868,42.93
2026-02-04T22:00:00,22.15,71.9,906,6.08,1.84,2.6192,0.0885,45.0
2026-02-04T23:00:00,23.4,74.3,955,5.85,1.79,2.7275,0.0966,47.41
2026-02-05T00:00:00,24.31,75.5,998,6.02,1.8,2.5493,0.102,50.0
2026-02-05T01:00:00,24.41,75.1,1021,5.87,1.88,2.5569,0.1019,52.59
2026-02-05T02:00:00,24.52,76.6,1064,5.9,1.81,2.7359,0.1043,55.0
2026-02-05T03:00:00,25.07,78.7,1120,5.78,1.85,2.6595,0.1096,57.07
2026-02-05T04:00:00,25.35,79.7,1193,5.94,1.75,2.6466,0.1123,58.66
2026-02-05T05:00:00,26.55,78.8,1232,5.96,1.73,2.5919,0.1163,59.66
2026-02-05T06:00:00,25.26,79.4,1187,5.92,1.8,2.6668,0.1115,60.0
2026-02-05T07:00:00,25.98,80.4,1184,6.22,1.88,2.8132,0.1161,59.66
2026-02-05T08:00:00,25.65,79.2,1185,5.84,1.87,2.6534,0.1128,58.66
2026-02-05T09:00:00,25.27,79.2,1167,6.3,1.83,2.6073,0.1112,57.07
2026-02-05T10:00:00,25.12,76.6,1151,5.81,1.77,2.6172,0.1068,55.0
2026-02-05T11:00:00,23.76,75.2,1055,5.91,1.8,2.7152,0.0993,52.59
2026-02-05T12:00:00,24.94,76.5,1003,5.98,1.71,2.9136,0.106,50.0
2026-02-05T13:00:00,23.86,75.3,935,6.1,1.83,2.7001,0.0997,47.41
2026-02-05T14:00:00,23.1,72.8,930,5.88,1.75,2.6997,0.0934,45.0
2026-02-05T15:00:00,22.49,70.5,889,6.04,1.73,2.6903,0.088,42.93
2026-02-05T16:00:00,22.2,70.7,835,5.98,1.86,2.7484,0.0872,41.34
2026-02-05T17:00:00,22.55,68.0,808,6.1,1.89,2.7735,0.0852,40.34
2026-02-05T18:00:00,22.41,70.4,783,6.06,1.86,2.6691,0.0876,40.0
2026-02-05T19:00:00,22.7,71.4,807,5.82,1.82,2.8685,0.0901,40.34
2026-02-05T20:00:00,22.51,71.9,845,5.76,1.94,2.8932,0.0899,41.34
2026-02-05T21:00:00,22.4,73.6,850,6.07,1.81,2.9722,0.0916,42.93
2026-02-05T22:00:00,22.1,73.0,944,5.83,1.81,2.7637,0.0896,45.0
2026-02-05T23:00:00,23.46,73.2,969,6.15,1.8,2.8533,0.0954,47.41
2026-02-06T00:00:00,23.2,75.3,991,6.09,1.78,2.6487,0.0971,50.0
2026-02-06T01:00:00,24.59,77.1,1058,5.97,1.77,2.7485,0.1053,52.59
2026-02-06T02:00:00,24.64,76.1,1130,6.0,1.72,2.8105,0.1042,55.0
2026-02-06T03:00:00,26.05,79.3,1134,5.9,1.83,2.8875,0.1147,57.07
2026-02-06T04:00:00,25.89,79.1,1166,6.1,1.87,2.7224,0.1138,58.66
2026-02-06T05:00:00,25.55,80.3,1187,5.94,1.86,2.7043,0.114,59.66
2026-02-06T06:00:00,26.15,80.3,1239,6.0,1.77,2.9506,0.1167,60.0
2026-02-06T07:00:00,25.75,79.8,1173,6.07,1.83,2.7914,0.1141,59.66
2026-02-06T08:00:00,26.05,77.5,1164,6.02,1.83,2.9174,0.1122,58.66
2026-02-06T09:00:00,25.55,78.2,1144,6.11,1.78,2.7745,0.111,57.07
2026-02-06T10:00:00,24.97,77.4,1082,5.8,1.62,2.8247,0.1073,55.0
2026-02-06T11:00:00,24.6,76.4,1064,5.95,1.83,2.8815,0.1045,52.59
2026-02-06T12:00:00,23.77,75.1,1004,6.07,1.8,2.8428,0.0992,50.0
2026-02-06T13:00:00,23.54,74.3,947,5.94,1.73,2.8231,0.0972,47.41
2026-02-06T14:00:00,22.56,72.1,923,6.12,1.85,2.9985,0.0904,45.0
2026-02-06T15:00:00,22.32,71.0,828,6.07,1.69,2.9864,0.088,42.93
2026-02-06T16:00:00,21.81,69.4,815,5.87,1.88,2.9587,0.0841,41.34
2026-02-06T17:00:00,21.44,69.2,782,5.99,1.84,2.8719,0.0824,40.34
2026-02-06T18:00:00,21.06,70.4,797,6.05,1.79,2.8446,0.0824,40.0
2026-02-06T19:00:00,22.65,71.0,806,5.98,1.75,2.9111,0.0894,40.34
2026-02-06T20:00:00,22.64,69.2,826,6.12,1.89,2.8373,0.087,41.34
2026-02-06T21:00:00,21.53,72.9,847,6.12,1.82,2.8457,0.0872,42.93
2026-02-06T22:00:00,23.45,72.5,890,5.97,1.83,2.8946,0.0944,45.0
2026-02-06T23:00:00,23.46,74.6,962,6.02,1.86,2.9457,0.0972,47.41
2026-02-07T00:00:00,23.97,74.6,1021,5.92,1.8,3.0246,0.0993,50.0
2026-02-07T01:00:00,23.57,76.7,1044,5.95,1.81,2.8147,0.1004,52.59
2026-02-07T02:00:00,25.43,77.1,1124,6.06,1.85,2.9052,0.1089,55.0
2026-02-07T03:00:00,25.06,77.9,1155,6.16,1.8,3.0625,0.1085,57.07
2026-02-07T04:00:00,25.6,79.4,1144,5.99,1.72,2.9758,0.113,58.66
2026-02-07T05:00:00,25.99,78.1,1223,5.96,1.77,2.9696,0.1127,59.66
2026-02-07T06:00:00,25.71,79.9,1223,6.05,1.88,2.9839,0.1141,60.0
2026-02-07T07:00:00,25.82,80.1,1194,6.06,1.83,2.7395,0.115,59.66
2026-02-07T08:00:00,25.8,80.5,1205,6.02,1.91,3.0153,0.1155,58.66
2026-02-07T09:00:00,24.5,80.7,1159,5.99,1.64,3.114,0.1099,57.07
2026-02-07T10:00:00,24.52,78.5,1080,5.92,1.79,2.9015,0.107,55.0
2026-02-07T11:00:00,25.22,76.3,1066,6.09,1.85,3.0196,0.1068,52.59
2026-02-07T12:00:00,23.84,75.6,1047,5.93,1.84,3.0914,0.1001,50.0
2026-02-07T13:00:00,23.32,73.5,989,5.96,1.85,3.0363,0.0952,47.41
2026-02-07T14:00:00,22.8,73.0,900,5.94,1.8,2.9858,0.0924,45.0
2026-02-07T15:00:00,21.66,70.3,855,6.11,1.78,3.1517,0.0846,42.93
2026-02-07T16:00:00,21.07,71.8,849,6.0,1.75,3.0547,0.0841,41.34
2026-02-07T17:00:00,22.48,69.4,796,6.22,1.73,3.1018,0.0867,40.34
2026-02-07T18:00:00,22.14,70.6,811,6.18,1.81,3.1468,0.0868,40.0
2026-02-07T19:00:00,21.5,71.0,819,6.21,1.9,3.1592,0.0848,40.34
2026-02-07T20:00:00,22.34,72.2,823,5.98,1.79,3.0299,0.0896,41.34
2026-02-07T21:00:00,22.54,71.5,858,6.14,1.75,3.1661,0.0895,42.93
2026-02-07T22:00:00,23.37,70.7,916,6.01,1.73,3.0331,0.0918,45.0
2026-02-07T23:00:00,22.96,73.5,943,6.01,1.8,3.1128,0.0937,47.41
2026-02-08T00:00:00,23.34,75.0,1022,6.0,1.85,3.0648,0.0972,50.0
2026-02-08T01:00:00,23.49,75.4,1063,6.18,1.84,3.2319,0.0984,52.59
2026-02-08T02:00:00,24.75,77.6,1115,5.96,1.84,3.23,0.1067,55.0
2026-02-08T03:00:00,25.88,77.3,1128,5.93,1.83,3.0769,0.1111,57.07
2026-02-08T04:00:00,25.72,79.9,1227,6.12,1.78,3.1275,0.1141,58.66
2026-02-08T05:00:00,25.69,80.2,1185,5.97,1.75,3.1857,0.1144,59.66
2026-02-08T06:00:00,26.6,79.2,1196,5.94,1.77,3.0395,0.1171,60.0
2026-02-08T07:00:00,25.36,80.1,1210,6.14,1.84,3.0725,0.1129,59.66
2026-02-08T08:00:00,24.89,79.0,1160,5.77,1.76,2.9392,0.1092,58.66
2026-02-08T09:00:00,25.79,78.9,1145,6.05,1.82,2.9065,0.1131,57.07
2026-02-08T10:00:00,25.15,77.6,1093,6.07,1.79,3.1318,0.1084,55.0
2026-02-08T11:00:00,25.29,78.2,1022,5.93,1.81,2.9601,0.1098,52.59
2026-02-08T12:00:00,23.78,75.7,998,5.73,1.83,3.0408,0.1001,50.0
2026-02-08T13:00:00,24.18,74.4,952,5.96,1.87,3.2846,0.1,47.41
2026-02-08T14:00:00,23.15,72.5,895,5.99,1.77,2.9748,0.0933,45.0
2026-02-08T15:00:00,22.52,71.7,868,6.02,1.85,3.2256,0.0898,42.93
2026-02-08T16:00:00,22.51,70.3,809,5.92,1.72,3.3637,0.0879,41.34
2026-02-08T17:00:00,22.24,71.9,827,5.92,1.79,3.0832,0.0888,40.34
2026-02-08T18:00:00,21.83,69.9,808,6.08,1.81,3.1802,0.0848,40.0
2026-02-08T19:00:00,21.05,71.4,781,5.92,1.85,3.0917,0.0835,40.34
2026-02-08T20:00:00,21.35,68.5,818,6.02,1.75,3.2311,0.0812,41.34
2026-02-08T21:00:00,22.55,73.2,856,5.92,1.84,3.2034,0.0917,42.93
2026-02-08T22:00:00,23.83,73.7,866,5.89,1.87,3.2462,0.0976,45.0
2026-02-08T23:00:00,23.95,72.4,995,5.99,1.92,3.2732,0.0963,47.41
2026-02-09T00:00:00,24.81,74.8,985,5.95,1.86,3.1211,0.1031,50.0
2026-02-09T01:00:00,24.65,76.2,1075,6.08,1.81,3.1719,0.1044,52.59
2026-02-09T02:00:00,25.81,77.7,1081,5.97,1.85,3.2972,0.1115,55.0
2026-02-09T03:00:00,25.42,79.2,1168,6.04,1.91,2.988,0.1119,57.07
2026-02-09T04:00:00,26.64,80.1,1169,6.05,1.81,3.3899,0.1185,58.66
2026-02-09T05:00:00,26.05,77.1,1173,5.94,1.68,3.3627,0.1116,59.66
2026-02-09T06:00:00,26.06,79.4,1213,5.97,1.76,3.3066,0.1149,60.0
2026-02-09T07:00:00,26.29,80.6,1172,6.04,1.74,3.3981,0.1177,59.66
2026-02-09T08:00:00,26.13,79.4,1218,5.96,1.75,3.2809,0.1153,58.66
2026-02-09T09:00:00,25.14,78.5,1166,5.87,1.76,3.2852,0.1097,57.07
2026-02-09T10:00:00,25.69,77.4,1094,5.99,1.86,3.2809,0.1105,55.0
2026-02-09T11:00:00,24.56,73.5,1037,5.9,1.88,3.1845,0.1003,52.59
2026-02-09T12:00:00,23.23,76.8,1001,6.05,1.83,3.3435,0.0991,50.0
2026-02-09T13:00:00,23.42,72.9,960,5.89,1.76,3.3537,0.0949,47.41
2026-02-09T14:00:00,23.23,72.3,941,6.01,1.76,3.2756,0.0933,45.0
2026-02-09T15:00:00,22.91,71.6,863,6.01,1.83,3.3423,0.0911,42.93
2026-02-09T16:00:00,21.9,70.9,814,6.04,1.78,3.4787,0.0862,41.34
2026-02-09T17:00:00,22.66,69.0,780,6.0,1.86,3.3625,0.0869,40.34
2026-02-09T18:00:00,21.76,70.9,803,6.05,1.85,3.4666,0.0857,40.0
2026-02-09T19:00:00,22.26,72.0,803,6.09,1.76,3.5228,0.089,40.34
2026-02-09T20:00:00,23.05,70.7,803,6.04,1.73,3.2717,0.0905,41.34
2026-02-09T21:00:00,22.59,72.2,848,6.07,1.83,3.3491,0.0906,42.93
2026-02-09T22:00:00,23.25,72.4,875,5.88,1.79,3.264,0.0935,45.0
2026-02-09T23:00:00,23.21,72.9,938,5.83,1.81,3.5664,0.094,47.41
2026-02-10T00:00:00,23.66,76.8,1003,6.06,1.8,3.4002,0.101,50.0
2026-02-10T01:00:00,24.38,76.6,1029,6.01,1.78,3.1701,0.1038,52.59
2026-02-10T02:00:00,26.19,77.2,1073,5.91,1.85,3.3922,0.1123,55.0
2026-02-10T03:00:00,24.8,78.5,1109,6.18,1.77,3.5428,0.1082,57.07
2026-02-10T04:00:00,25.78,79.5,1143,5.99,1.83,3.3388,0.1139,58.66
2026-02-10T05:00:00,25.15,78.3,1155,5.85,1.83,3.485,0.1094,59.66
2026-02-10T06:00:00,25.74,79.3,1208,5.87,1.87,3.508,0.1135,60.0
2026-02-10T07:00:00,26.0,82.5,1224,6.08,1.93,3.279,0.1191,59.66
2026-02-10T08:00:00,25.3,80.7,1198,6.08,1.81,3.5554,0.1133,58.66
2026-02-10T09:00:00,25.66,79.0,1124,5.98,1.72,3.3994,0.1126,57.07
2026-02-10T10:00:00,24.39,77.5,1160,5.91,1.83,3.5177,0.1051,55.0
2026-02-10T11:00:00,24.76,76.8,1025,6.11,1.83,3.6715,0.1056,52.59
2026-02-10T12:00:00,24.05,74.8,993,6.04,1.71,3.3588,0.0999,50.0
2026-02-10T13:00:00,23.95,75.2,960,6.18,1.86,3.5629,0.1,47.41
2026-02-10T14:00:00,23.08,71.5,913,6.05,1.82,3.5562,0.0917,45.0
2026-02-10T15:00:00,23.16,72.3,886,6.07,1.83,3.5302,0.0931,42.93
2026-02-10T16:00:00,22.16,72.2,885,6.07,1.79,3.3927,0.0889,41.34
2026-02-10T17:00:00,21.82,70.6,805,6.02,1.75,3.5777,0.0856,40.34
2026-02-10T18:00:00,23.07,68.3,808,6.0,1.76,3.627,0.0876,40.0
2026-02-10T19:00:00,22.53,68.7,823,6.11,1.73,3.5049,0.086,40.34
2026-02-10T20:00:00,22.39,71.9,861,5.95,1.78,3.5523,0.0895,41.34
2026-02-10T21:00:00,23.1,71.2,879,5.98,1.78,3.7825,0.0914,42.93
2026-02-10T22:00:00,22.68,73.4,928,6.07,1.9,3.5484,0.0924,45.0
2026-02-10T23:00:00,22.7,73.3,944,5.94,1.82,3.7091,0.0925,47.41
2026-02-11T00:00:00,23.65,75.4,985,5.88,1.82,3.5222,0.099,50.0
2026-02-11T01:00:00,24.57,76.7,1084,5.99,1.84,3.7525,0.1047,52.59
2026-02-11T02:00:00,25.18,77.1,1130,6.0,1.83,3.5341,0.1079,55.0
2026-02-11T03:00:00,26.05,79.0,1146,6.08,1.87,3.6093,0.1144,57.07
2026-02-11T04:00:00,26.05,77.3,1160,5.92,1.82,3.7575,0.1119,58.66
2026-02-11T05:00:00,25.69,78.4,1170,5.96,1.89,3.7197,0.112,59.66
2026-02-11T06:00:00,25.07,81.1,1175,6.0,1.81,3.6484,0.1129,60.0
2026-02-11T07:00:00,25.67,80.5,1179,6.1,1.7,3.5322,0.1147,59.66
2026-02-11T08:00:00,24.4,79.0,1188,6.02,1.71,3.6137,0.1071,58.66
2026-02-11T09:00:00,26.01,78.8,1133,5.96,1.74,3.7128,0.1138,57.07
2026-02-11T10:00:00,26.25,77.7,1126,5.71,1.82,3.5656,0.1132,55.0
2026-02-11T11:00:00,25.93,75.8,1064,5.89,1.81,3.8258,0.1092,52.59
2026-02-11T12:00:00,25.21,74.2,1006,6.13,1.81,3.6629,0.1039,50.0
2026-02-11T13:00:00,23.5,71.8,964,6.07,1.87,3.8,0.0937,47.41
2026-02-11T14:00:00,22.4,73.4,877,6.12,1.87,3.5786,0.0913,45.0
2026-02-11T15:00:00,22.35,72.9,846,5.97,1.85,3.8025,0.0905,42.93
2026-02-11T16:00:00,21.64,70.1,820,5.99,1.79,3.788,0.0843,41.34
2026-02-11T17:00:00,22.02,69.2,828,6.0,1.75,3.6812,0.0847,40.34
2026-02-11T18:00:00,22.73,70.7,832,6.01,1.8,3.7373,0.0892,40.0
2026-02-11T19:00:00,22.73,69.4,782,5.83,1.79,3.7613,0.0876,40.34
2026-02-11T20:00:00,22.71,70.4,835,5.96,1.77,3.8426,0.0888,41.34
2026-02-11T21:00:00,22.99,72.1,850,5.89,1.79,3.8222,0.0921,42.93
2026-02-11T22:00:00,23.15,74.6,913,6.11,1.78,3.7823,0.0959,45.0
2026-02-11T23:00:00,22.99,72.3,923,6.15,1.74,3.604,0.0923,47.41
2026-02-12T00:00:00,23.76,74.2,1003,6.12,1.8,3.8013,0.098,50.0
2026-02-12T01:00:00,24.89,76.1,1074,5.91,1.82,3.719,0.1052,52.59
2026-02-12T02:00:00,24.72,77.9,1073,6.12,1.76,3.6802,0.107,55.0
2026-02-12T03:00:00,25.53,78.6,1142,6.04,1.77,3.8719,0.1114,57.07
2026-02-12T04:00:00,25.9,78.2,1176,5.98,1.93,3.6687,0.1126,58.66
2026-02-12T05:00:00,25.36,80.4,1190,6.01,1.8,3.7734,0.1133,59.66
2026-02-12T06:00:00,27.12,81.3,1202,5.87,1.71,3.7991,0.1225,60.0
2026-02-12T07:00:00,25.76,80.5,1174,6.02,1.75,3.9752,0.1152,59.66
2026-02-12T08:00:00,25.15,79.0,1181,5.84,1.82,3.8131,0.1103,58.66
2026-02-12T09:00:00,25.68,75.2,1138,5.95,1.78,3.765,0.1072,57.07
2026-02-12T10:00:00,25.14,76.9,1050,6.05,1.71,3.8522,0.1073,55.0
2026-02-12T11:00:00,24.05,74.4,1039,5.99,1.91,3.9372,0.0994,52.59
2026-02-12T12:00:00,23.47,76.5,1026,6.03,1.81,3.8009,0.0997,50.0
2026-02-12T13:00:00,24.24,72.7,935,5.98,1.83,3.8629,0.0979,47.41
2026-02-12T14:00:00,22.95,70.3,895,5.82,1.77,3.7295,0.0896,45.0
2026-02-12T15:00:00,22.64,70.9,839,5.96,1.75,3.7427,0.0892,42.93
2026-02-12T16:00:00,22.5,69.8,829,6.05,1.88,3.7309,0.0872,41.34
2026-02-12T17:00:00,22.67,69.2,793,5.96,1.8,3.8916,0.0871,40.34
2026-02-12T18:00:00,22.05,69.3,786,5.77,1.8,4.0019,0.0848,40.0
2026-02-12T19:00:00,21.12,71.2,799,6.2,1.8,3.9277,0.0836,40.34
2026-02-12T20:00:00,22.74,71.3,863,5.95,1.89,3.8552,0.0901,41.34
2026-02-12T21:00:00,22.54,74.6,864,6.06,1.88,4.0487,0.0934,42.93
2026-02-12T22:00:00,23.41,71.3,869,5.97,1.73,3.7408,0.0927,45.0
2026-02-12T23:00:00,23.15,75.5,965,5.9,1.87,3.9181,0.097,47.41
2026-02-13T00:00:00,23.95,75.4,972,5.94,1.84,3.8289,0.1003,50.0
2026-02-13T01:00:00,24.37,77.7,1061,5.98,1.81,3.7042,0.1052,52.59
2026-02-13T02:00:00,24.64,79.3,1077,5.93,1.77,3.982,0.1085,55.0
2026-02-13T03:00:00,25.11,78.3,1133,5.9,1.75,4.0869,0.1092,57.07
2026-02-13T04:00:00,25.35,79.8,1167,6.09,1.83,3.9168,0.1124,58.66
2026-02-13T05:00:00,25.56,80.2,1177,6.15,1.71,3.9002,0.1139,59.66
2026-02-13T06:00:00,26.56,80.7,1241,5.8,1.75,3.8955,0.1191,60.0
2026-02-13T07:00:00,26.55,79.8,1179,6.08,1.83,3.933,0.1177,59.66
2026-02-13T08:00:00,26.32,78.7,1176,6.07,1.76,4.119,0.1151,58.66
2026-02-13T09:00:00,26.27,78.5,1160,5.88,1.71,3.7791,0.1145,57.07
2026-02-13T10:00:00,24.71,77.3,1092,5.93,1.68,3.7998,0.1061,55.0
2026-02-13T11:00:00,24.78,77.5,1049,5.95,1.77,3.8794,0.1067,52.59
2026-02-13T12:00:00,25.71,74.8,1017,6.18,1.85,4.0001,0.1068,50.0
2026-02-13T13:00:00,24.22,72.4,911,6.03,1.82,4.0748,0.0973,47.41
2026-02-13T14:00:00,23.23,72.8,896,5.96,1.72,4.1555,0.094,45.0
2026-02-13T15:00:00,23.01,70.0,881,6.03,1.75,4.1875,0.0894,42.93
2026-02-13T16:00:00,22.21,71.7,868,6.02,1.82,4.0443,0.0884,41.34
2026-02-13T17:00:00,21.72,70.7,789,5.81,1.77,4.1631,0.0853,40.34
2026-02-13T18:00:00,20.94,68.9,804,6.11,1.83,4.0798,0.0802,40.0
2026-02-13T19:00:00,21.9,70.8,797,5.99,1.71,4.1803,0.0861,40.34
2026-02-13T20:00:00,22.1,70.7,843,5.84,1.78,4.0957,0.0869,41.34
2026-02-13T21:00:00,22.98,71.4,903,5.9,1.8,4.0839,0.0912,42.93
2026-02-13T22:00:00,22.18,73.8,910,6.12,1.74,4.0666,0.0909,45.0
2026-02-13T23:00:00,22.79,73.1,952,6.11,1.81,4.0835,0.0925,47.41
2026-02-14T00:00:00,24.14,74.0,1007,6.03,1.86,3.9453,0.0993,50.0
2026-02-14T01:00:00,24.82,76.2,1089,5.95,1.85,4.2107,0.1051,52.59
2026-02-14T02:00:00,25.91,78.2,1096,6.02,1.87,3.937,0.1125,55.0
2026-02-14T03:00:00,25.48,77.3,1117,6.12,1.7,4.133,0.1094,57.07
2026-02-14T04:00:00,25.35,78.0,1216,6.15,1.74,4.1316,0.1098,58.66
2026-02-14T05:00:00,27.21,80.8,1212,6.1,1.88,4.0627,0.1221,59.66
2026-02-14T06:00:00,26.01,79.8,1193,5.92,1.87,4.2328,0.1153,60.0
2026-02-14T07:00:00,26.38,81.5,1238,5.99,1.77,4.1222,0.1194,59.66
2026-02-14T08:00:00,25.22,78.1,1153,5.93,1.8,4.1556,0.1095,58.66
2026-02-14T09:00:00,25.35,78.5,1135,6.14,1.81,4.0942,0.1106,57.07
2026-02-14T10:00:00,26.28,78.1,1093,6.02,1.82,4.2221,0.1141,55.0
2026-02-14T11:00:00,24.46,73.3,1030,6.12,1.77,4.1575,0.0996,52.59
2026-02-14T12:00:00,24.43,74.2,1013,6.06,1.75,4.2181,0.1007,50.0
2026-02-14T13:00:00,24.44,74.3,958,5.94,1.67,4.1831,0.1009,47.41
2026-02-14T14:00:00,22.92,72.7,929,5.98,1.8,4.2735,0.0925,45.0
2026-02-14T15:00:00,21.64,72.2,861,5.96,1.81,4.1473,0.0868,42.93
2026-02-14T16:00:00,22.59,71.5,801,5.96,1.82,4.0043,0.0898,41.34
2026-02-14T17:00:00,21.54,69.0,769,5.98,1.85,4.3042,0.0826,40.34
2026-02-14T18:00:00,22.65,70.5,825,5.93,1.73,4.313,0.0887,40.0
2026-02-14T19:00:00,23.32,67.6,800,5.8,1.8,4.1663,0.0876,40.34
2026-02-14T20:00:00,21.92,71.1,823,6.13,1.83,4.3485,0.0866,41.34
2026-02-14T21:00:00,21.33,70.3,808,6.11,1.78,4.3738,0.0833,42.93
2026-02-14T22:00:00,22.94,71.5,871,5.9,1.81,4.1859,0.0911,45.0
2026-02-14T23:00:00,22.92,73.2,917,5.89,1.86,4.208,0.0932,47.41
2026-02-15T00:00:00,24.95,73.1,1003,6.18,1.81,4.3126,0.1014,50.0
2026-02-15T01:00:00,24.8,76.2,1065,6.01,1.78,4.296,0.105,52.59
2026-02-15T02:00:00,25.33,78.5,1105,5.82,1.8,4.4868,0.1105,55.0
2026-02-15T03:00:00,25.08,79.3,1139,5.89,1.84,4.2585,0.1105,57.07
2026-02-15T04:00:00,26.18,80.8,1172,5.93,1.73,4.3755,0.1176,58.66
2026-02-15T05:00:00,26.69,80.0,1241,5.94,1.74,4.4925,0.1187,59.66
2026-02-15T06:00:00,25.76,80.1,1192,6.09,1.75,4.3286,0.1146,60.0
2026-02-15T07:00:00,25.69,81.2,1186,5.75,1.84,4.457,0.1159,59.66
2026-02-15T08:00:00,26.19,79.3,1195,5.89,1.77,4.4651,0.1154,58.66
2026-02-15T09:00:00,25.03,77.5,1176,6.24,1.79,4.3972,0.1077,57.07
2026-02-15T10:00:00,26.08,77.8,1100,5.91,1.91,4.451,0.1128,55.0
2026-02-15T11:00:00,25.32,77.0,1054,6.02,1.73,4.5527,0.1083,52.59
2026-02-15T12:00:00,23.92,75.0,1011,6.14,1.84,4.5018,0.0997,50.0
2026-02-15T13:00:00,23.77,73.2,973,6.0,1.79,4.4521,0.0966,47.41
2026-02-15T14:00:00,22.57,74.4,871,6.01,1.88,4.4668,0.0933,45.0
2026-02-15T15:00:00,21.92,71.6,882,6.03,1.77,4.4235,0.0872,42.93
2026-02-15T16:00:00,21.7,72.5,822,5.95,1.76,4.5391,0.0874,41.34
2026-02-15T17:00:00,22.34,71.0,809,6.04,1.8,4.6083,0.0881,40.34
2026-02-15T18:00:00,21.74,68.9,764,5.96,1.78,4.6235,0.0832,40.0
2026-02-15T19:00:00,22.59,69.9,831,6.08,1.76,4.3875,0.0877,40.34
2026-02-15T20:00:00,23.13,69.8,798,5.77,1.8,4.4488,0.0897,41.34
2026-02-15T21:00:00,23.99,71.5,834,6.0,1.82,4.6244,0.0954,42.93
2026-02-15T22:00:00,23.37,72.5,900,5.94,1.86,4.4748,0.0941,45.0
2026-02-15T23:00:00,23.84,73.8,940,6.05,1.78,4.5226,0.0977,47.41
2026-02-16T00:00:00,24.07,75.0,990,5.89,1.83,4.564,0.1003,50.0
2026-02-16T01:00:00,24.61,77.6,1012,5.98,1.78,4.5799,0.1061,52.59
2026-02-16T02:00:00,25.23,79.0,1097,6.04,1.78,4.4985,0.1108,55.0
2026-02-16T03:00:00,25.61,79.2,1152,6.06,1.89,4.4893,0.1127,57.07
2026-02-16T04:00:00,25.53,78.2,1194,6.01,1.85,4.5464,0.1109,58.66
2026-02-16T05:00:00,26.57,80.4,1199,6.0,1.74,4.5462,0.1187,59.66
2026-02-16T06:00:00,26.89,79.9,1232,5.98,1.86,4.5584,0.1193,60.0
2026-02-16T07:00:00,25.71,78.1,1189,5.95,1.87,4.6268,0.1116,59.66
2026-02-16T08:00:00,26.06,81.4,1186,5.89,1.8,4.5746,0.1178,58.66
2026-02-16T09:00:00,25.03,79.0,1158,5.96,1.79,4.7153,0.1099,57.07
2026-02-16T10:00:00,24.27,78.7,1134,5.95,1.87,4.4475,0.1061,55.0
2026-02-16T11:00:00,24.71,76.6,1057,6.03,1.78,4.5496,0.1051,52.59
2026-02-16T12:00:00,25.24,75.5,1000,6.02,1.87,4.6488,0.1059,50.0
2026-02-16T13:00:00,23.1,73.4,954,6.06,1.8,4.5804,0.0942,47.41
2026-02-16T14:00:00,23.47,74.7,886,6.1,1.82,4.5962,0.0974,45.0
2026-02-16T15:00:00,22.59,72.6,856,5.99,1.74,4.7568,0.091,42.93
2026-02-16T16:00:00,22.03,70.3,798,6.03,1.77,4.7451,0.086,41.34
2026-02-16T17:00:00,21.74,73.1,779,6.02,1.76,4.6392,0.0883,40.34
2026-02-16T18:00:00,22.22,68.7,807,5.98,1.78,4.7761,0.0848,40.0
2026-02-16T19:00:00,22.01,71.1,817,6.11,1.82,4.5372,0.087,40.34
2026-02-16T20:00:00,22.57,70.1,820,5.9,1.83,4.8129,0.0879,41.34
2026-02-16T21:00:00,22.2,71.5,869,5.82,1.82,4.7998,0.0883,42.93
2026-02-16T22:00:00,22.7,72.8,905,6.07,1.78,4.6343,0.0918,45.0
2026-02-16T23:00:00,23.81,74.0,940,6.05,1.82,4.6379,0.0979,47.41
2026-02-17T00:00:00,24.48,75.1,999,5.97,1.8,4.7622,0.1021,50.0
2026-02-17T01:00:00,25.71,75.6,1045,5.96,1.8,4.7462,0.1079,52.59
2026-02-17T02:00:00,24.94,77.4,1066,5.96,1.79,4.8572,0.1072,55.0
2026-02-17T03:00:00,25.45,78.1,1136,6.02,1.74,4.8328,0.1105,57.07
2026-02-17T04:00:00,25.52,79.6,1182,6.19,1.77,5.0015,0.1129,58.66
2026-02-17T05:00:00,26.36,78.8,1202,5.95,1.83,4.7318,0.1155,59.66
2026-02-17T06:00:00,26.11,80.4,1198,5.92,1.82,4.9353,0.1167,60.0
2026-02-17T07:00:00,26.06,80.0,1189,5.91,1.77,4.7441,0.1159,59.66
2026-02-17T08:00:00,26.45,79.3,1173,5.95,1.77,4.8876,0.1165,58.66
2026-02-17T09:00:00,25.59,79.4,1122,6.03,1.82,4.8061,0.1128,57.07
2026-02-17T10:00:00,24.09,77.1,1095,5.94,1.75,4.8738,0.1031,55.0
2026-02-17T11:00:00,24.35,75.8,1037,6.0,1.88,4.8779,0.1025,52.59
2026-02-17T12:00:00,24.12,74.2,993,5.99,1.78,4.745,0.0994,50.0
2026-02-17T13:00:00,22.59,74.3,985,5.9,1.82,4.7484,0.0933,47.41
2026-02-17T14:00:00,22.63,70.9,930,6.0,1.78,4.8622,0.0892,45.0
2026-02-17T15:00:00,22.46,72.6,845,5.95,1.79,5.0607,0.0906,42.93
2026-02-17T16:00:00,21.69,71.1,819,5.93,1.75,4.8074,0.0856,41.34
2026-02-17T17:00:00,21.74,69.6,783,6.11,1.83,5.066,0.084,40.34
2026-02-17T18:00:00,22.64,70.9,808,5.74,1.75,4.6315,0.0892,40.0
2026-02-17T19:00:00,21.9,72.6,809,6.1,1.76,5.1013,0.0884,40.34
2026-02-17T20:00:00,21.74,70.1,858,5.95,1.79,4.9141,0.0847,41.34
2026-02-17T21:00:00,21.39,70.7,850,5.97,1.85,4.9312,0.0841,42.93
2026-02-17T22:00:00,21.82,73.4,871,6.02,1.79,5.0075,0.089,45.0
2026-02-17T23:00:00,23.08,74.9,938,6.02,1.75,5.0082,0.096,47.41
2026-02-18T00:00:00,24.42,74.9,990,6.07,1.89,5.012,0.1016,50.0
2026-02-18T01:00:00,23.95,77.2,1073,5.75,1.77,4.9438,0.1027,52.59
2026-02-18T02:00:00,24.52,79.0,1117,6.0,1.75,4.9912,0.1076,55.0
2026-02-18T03:00:00,25.22,77.2,1139,5.83,1.81,4.9779,0.1082,57.07
2026-02-18T04:00:00,25.66,79.4,1158,5.98,1.68,5.1369,0.1132,58.66
2026-02-18T05:00:00,26.11,80.4,1169,5.98,1.84,4.8168,0.1166,59.66
2026-02-18T06:00:00,26.56,79.6,1164,6.14,1.67,5.2091,0.1175,60.0
2026-02-18T07:00:00,26.63,80.0,1190,6.02,1.78,5.085,0.1183,59.66
2026-02-18T08:00:00,25.66,80.1,1186,6.14,1.89,5.1299,0.1141,58.66
2026-02-18T09:00:00,24.45,79.3,1141,6.12,1.86,4.9458,0.1077,57.07
2026-02-18T10:00:00,23.84,76.5,1109,6.2,1.74,4.9354,0.1013,55.0
2026-02-18T11:00:00,24.3,77.8,1077,5.95,1.87,5.0659,0.105,52.59
2026-02-18T12:00:00,23.67,74.3,1018,5.91,1.77,5.1206,0.0977,50.0
2026-02-18T13:00:00,23.14,73.6,930,5.85,1.8,5.221,0.0945,47.41
2026-02-18T14:00:00,23.13,72.7,909,6.05,1.85,5.0461,0.0935,45.0
2026-02-18T15:00:00,22.63,70.5,852,6.01,1.78,5.1993,0.0886,42.93
2026-02-18T16:00:00,22.78,71.1,865,5.99,1.81,5.1422,0.09,41.34
2026-02-18T17:00:00,21.72,71.3,811,6.1,1.73,4.9409,0.086,40.34
2026-02-18T18:00:00,22.26,69.5,787,6.1,1.77,5.3569,0.0859,40.0
2026-02-18T19:00:00,21.52,70.7,753,6.03,1.87,5.2441,0.0845,40.34
2026-02-18T20:00:00,22.42,69.6,794,6.02,1.72,5.0352,0.0867,41.34
2026-02-18T21:00:00,21.71,70.8,904,5.99,1.74,5.1888,0.0854,42.93
2026-02-18T22:00:00,22.56,74.1,899,5.95,1.77,5.2706,0.0929,45.0
2026-02-18T23:00:00,24.1,74.4,919,6.0,1.84,5.17,0.0997,47.41
2026-02-19T00:00:00,22.94,74.4,985,5.99,1.77,5.2747,0.0949,50.0
2026-02-19T01:00:00,23.72,76.0,1077,6.1,1.81,5.3648,0.1001,52.59
2026-02-19T02:00:00,25.26,77.6,1123,6.01,1.75,5.2217,0.1089,55.0
2026-02-19T03:00:00,24.97,79.2,1136,6.08,1.72,5.2655,0.1099,57.07
2026-02-19T04:00:00,25.85,79.6,1165,6.07,1.82,5.3975,0.1144,58.66
2026-02-19T05:00:00,26.06,81.3,1180,6.01,1.79,5.2758,0.1177,59.66
2026-02-19T06:00:00,25.25,81.3,1200,6.04,1.81,5.186,0.1141,60.0
2026-02-19T07:00:00,25.52,79.7,1240,5.95,1.79,5.2357,0.1131,59.66
2026-02-19T08:00:00,25.12,79.7,1184,5.97,1.77,5.4064,0.1112,58.66
2026-02-19T09:00:00,25.2,79.2,1134,5.89,1.8,5.3904,0.1108,57.07
2026-02-19T10:00:00,25.07,76.0,1116,6.12,1.74,5.2994,0.1059,55.0
2026-02-19T11:00:00,24.03,75.6,1024,6.02,1.82,5.5163,0.1009,52.59
2026-02-19T12:00:00,23.47,74.9,1008,6.19,1.82,5.3062,0.0977,50.0
2026-02-19T13:00:00,23.65,73.4,959,6.0,1.88,5.4973,0.0964,47.41
2026-02-19T14:00:00,23.9,75.5,905,5.97,1.84,5.5799,0.1003,45.0
2026-02-19T15:00:00,22.18,71.5,831,6.03,1.8,5.3354,0.0882,42.93
2026-02-19T16:00:00,22.56,72.3,813,6.02,1.85,5.423,0.0906,41.34
2026-02-19T17:00:00,21.65,70.0,787,5.93,1.81,5.4619,0.0842,40.34
2026-02-19T18:00:00,22.0,69.6,746,6.06,1.82,5.5582,0.0851,40.0
2026-02-19T19:00:00,22.79,70.1,817,5.9,1.9,5.6414,0.0887,40.34
2026-02-19T20:00:00,22.18,69.6,817,6.1,1.8,5.5219,0.0858,41.34
2026-02-19T21:00:00,22.33,69.8,839,5.93,1.87,5.5907,0.0865,42.93
2026-02-19T22:00:00,22.63,72.9,902,5.97,1.78,5.5067,0.0916,45.0
2026-02-19T23:00:00,23.76,72.4,945,6.01,1.84,5.6258,0.0956,47.41
2026-02-20T00:00:00,24.65,74.2,1009,6.1,1.72,5.5976,0.1016,50.0
2026-02-20T01:00:00,25.02,76.2,1010,6.06,1.82,5.4703,0.1059,52.59
2026-02-20T02:00:00,26.08,78.8,1048,6.07,1.77,5.4466,0.1142,55.0
2026-02-20T03:00:00,25.41,80.1,1156,6.06,1.77,5.5575,0.1131,57.07
2026-02-20T04:00:00,25.57,78.6,1169,5.98,1.86,5.4968,0.1116,58.66
2026-02-20T05:00:00,25.03,80.5,1187,5.82,1.8,5.6125,0.112,59.66
2026-02-20T06:00:00,26.37,80.8,1215,5.85,1.71,5.4818,0.1184,60.0
2026-02-20T07:00:00,26.08,78.5,1207,6.08,1.81,5.6498,0.1137,59.66
2026-02-20T08:00:00,26.02,80.9,1172,5.95,1.83,5.5363,0.117,58.66
2026-02-20T09:00:00,25.85,80.6,1116,5.97,1.85,5.4797,0.1157,57.07
2026-02-20T10:00:00,25.37,78.1,1091,6.04,1.78,5.6242,0.1101,55.0
2026-02-20T11:00:00,23.97,76.3,1074,5.89,1.88,5.6634,0.1016,52.59
2026-02-20T12:00:00,24.56,74.3,990,5.94,1.78,5.5461,0.1013,50.0
2026-02-20T13:00:00,23.25,76.0,921,6.06,1.81,5.635,0.0981,47.41
2026-02-20T14:00:00,23.56,72.6,920,5.9,1.79,5.6631,0.095,45.0
2026-02-20T15:00:00,22.53,70.6,865,5.92,1.8,5.6873,0.0884,42.93
2026-02-20T16:00:00,22.28,69.8,840,5.98,1.79,5.7124,0.0864,41.34
2026-02-20T17:00:00,21.56,68.7,799,5.89,1.88,5.6473,0.0822,40.34
2026-02-20T18:00:00,22.65,69.6,834,5.91,1.66,5.574,0.0876,40.0
2026-02-20T19:00:00,22.03,69.9,800,5.94,1.83,5.6377,0.0855,40.34
2026-02-20T20:00:00,22.66,69.6,817,5.92,1.8,5.4451,0.0876,41.34
2026-02-20T21:00:00,23.28,71.1,843,6.05,1.77,5.841,0.0919,42.93
2026-02-20T22:00:00,22.17,70.0,927,6.0,1.75,5.7328,0.0862,45.0
2026-02-20T23:00:00,23.6,73.2,952,6.08,1.8,5.7467,0.0959,47.41
2026-02-21T00:00:00,24.66,74.7,1011,5.77,1.79,5.7224,0.1023,50.0
2026-02-21T01:00:00,24.83,75.9,1033,6.07,1.82,5.828,0.1047,52.59
2026-02-21T02:00:00,25.01,76.2,1105,5.98,1.78,5.9242,0.1059,55.0
2026-02-21T03:00:00,25.77,79.1,1196,5.99,1.77,5.7601,0.1133,57.07
2026-02-21T04:00:00,25.76,78.9,1161,5.91,1.82,5.719,0.1129,58.66
2026-02-21T05:00:00,25.54,79.3,1183,5.99,1.71,5.7868,0.1125,59.66
2026-02-21T06:00:00,25.92,80.1,1214,6.02,1.7,6.1401,0.1154,60.0
2026-02-21T07:00:00,26.45,80.4,1208,5.92,1.8,6.043,0.1181,59.66
2026-02-21T08:00:00,26.72,80.1,1223,6.09,1.84,5.9492,0.119,58.66
2026-02-21T09:00:00,25.2,79.0,1167,6.0,1.77,5.9106,0.1106,57.07
2026-02-21T10:00:00,25.92,78.0,1121,6.05,1.8,5.9745,0.1123,55.0
2026-02-21T11:00:00,23.96,75.7,1037,5.87,1.75,5.795,0.1008,52.59
2026-02-21T12:00:00,23.96,75.4,1036,6.11,1.89,5.8115,0.1003,50.0
2026-02-21T13:00:00,23.8,75.0,914,5.97,1.86,5.8901,0.0992,47.41
2026-02-21T14:00:00,23.35,73.7,901,5.86,1.82,5.9648,0.0956,45.0
2026-02-21T15:00:00,22.67,72.5,851,5.92,1.81,5.9571,0.0914,42.93
2026-02-21T16:00:00,22.48,72.3,812,6.25,1.84,6.0966,0.0903,41.34
2026-02-21T17:00:00,22.24,71.9,816,6.19,1.84,5.9236,0.0888,40.34
2026-02-21T18:00:00,22.08,69.9,795,6.0,1.68,6.0094,0.0858,40.0
2026-02-21T19:00:00,22.58,71.5,839,5.93,1.89,5.9565,0.0896,40.34
2026-02-21T20:00:00,22.7,71.2,812,5.97,1.85,6.0101,0.0898,41.34
2026-02-21T21:00:00,22.28,71.9,868,6.11,1.77,6.0214,0.089,42.93
2026-02-21T22:00:00,23.52,72.5,919,6.06,1.85,5.8429,0.0947,45.0
2026-02-21T23:00:00,23.52,73.1,941,5.98,1.81,5.9282,0.0955,47.41
2026-02-22T00:00:00,24.28,75.5,1001,6.19,1.81,5.9128,0.1019,50.0
2026-02-22T01:00:00,24.83,75.7,1060,6.05,1.83,5.9509,0.1044,52.59
2026-02-22T02:00:00,24.83,79.1,1091,5.95,1.72,6.1091,0.1091,55.0
2026-02-22T03:00:00,24.95,77.0,1087,6.04,1.76,6.3008,0.1067,57.07
2026-02-22T04:00:00,25.11,79.6,1141,5.9,1.87,6.1364,0.111,58.66
2026-02-22T05:00:00,26.47,80.7,1215,5.97,1.79,6.035,0.1186,59.66
2026-02-22T06:00:00,26.23,79.7,1200,5.97,1.81,6.2617,0.1162,60.0
2026-02-22T07:00:00,25.96,80.4,1173,6.18,1.76,6.2834,0.1159,59.66
2026-02-22T08:00:00,26.22,79.0,1191,6.02,1.82,6.1382,0.1151,58.66
2026-02-22T09:00:00,25.46,79.4,1102,6.03,1.82,6.2951,0.1124,57.07
2026-02-22T10:00:00,25.62,80.1,1093,5.87,1.8,6.289,0.114,55.0
2026-02-22T11:00:00,24.83,76.2,1059,6.12,1.74,6.0124,0.1051,52.59
2026-02-22T12:00:00,23.87,75.0,971,6.02,1.84,6.1588,0.0995,50.0
2026-02-22T13:00:00,24.2,73.8,945,5.99,1.79,6.3131,0.0992,47.41
2026-02-22T14:00:00,21.89,74.0,877,6.16,1.85,6.193,0.09,45.0
2026-02-22T15:00:00,22.52,71.8,804,5.79,1.89,6.4326,0.0899,42.93
2026-02-22T16:00:00,23.32,70.0,807,5.91,1.74,6.2013,0.0906,41.34
2026-02-22T17:00:00,22.62,70.5,812,5.91,1.83,6.2797,0.0886,40.34
2026-02-22T18:00:00,20.58,69.4,758,6.14,1.87,6.3435,0.0793,40.0
2026-02-22T19:00:00,22.73,69.1,767,6.17,1.78,6.0922,0.0873,40.34
2026-02-22T20:00:00,22.2,70.4,794,5.89,1.84,6.1365,0.0868,41.34
2026-02-22T21:00:00,22.57,70.6,839,6.01,1.72,6.413,0.0886,42.93
2026-02-22T22:00:00,22.64,71.7,886,5.97,1.87,6.1817,0.0901,45.0
2026-02-22T23:00:00,23.24,74.3,941,6.04,1.72,6.3474,0.0959,47.41
2026-02-23T00:00:00,24.26,74.0,1028,5.94,1.77,6.1441,0.0997,50.0
2026-02-23T01:00:00,23.98,76.6,1068,5.84,1.89,6.5744,0.102,52.59
2026-02-23T02:00:00,25.77,75.8,1097,6.09,1.83,6.4651,0.1085,55.0
2026-02-23T03:00:00,24.98,78.8,1120,5.96,1.76,6.5064,0.1094,57.07
2026-02-23T04:00:00,25.61,79.5,1183,6.03,1.83,6.4777,0.1131,58.66
2026-02-23T05:00:00,24.8,80.1,1193,6.13,1.8,6.3418,0.1104,59.66
2026-02-23T06:00:00,26.92,81.8,1196,6.06,1.89,6.5504,0.1224,60.0
2026-02-23T07:00:00,25.64,79.3,1179,6.06,1.82,6.5315,0.1129,59.66
2026-02-23T08:00:00,25.99,78.7,1172,5.93,1.68,6.5758,0.1136,58.66
2026-02-23T09:00:00,25.93,78.8,1135,6.16,1.79,6.3575,0.1135,57.07
2026-02-23T10:00:00,24.55,76.2,1141,5.96,1.84,6.6231,0.1039,55.0
2026-02-23T11:00:00,24.55,76.6,1056,6.03,1.76,6.4843,0.1045,52.59
2026-02-23T12:00:00,24.66,75.5,995,5.96,1.73,6.4592,0.1034,50.0
2026-02-23T13:00:00,23.69,74.1,979,6.11,1.83,6.413,0.0976,47.41
2026-02-23T14:00:00,23.44,72.0,902,6.25,1.84,6.5529,0.0937,45.0
2026-02-23T15:00:00,21.92,70.2,829,6.04,1.82,6.6632,0.0855,42.93
2026-02-23T16:00:00,21.61,71.3,844,5.76,1.78,6.6071,0.0856,41.34
2026-02-23T17:00:00,21.3,70.4,806,6.05,1.76,6.5623,0.0833,40.34
2026-02-23T18:00:00,21.72,70.5,780,6.09,1.79,6.72,0.0851,40.0
2026-02-23T19:00:00,21.86,70.1,789,6.02,1.76,6.7319,0.0852,40.34
2026-02-23T20:00:00,22.32,71.9,822,5.92,1.8,6.7298,0.0892,41.34
2026-02-23T21:00:00,22.58,72.1,848,6.08,1.85,6.6388,0.0904,42.93
2026-02-23T22:00:00,23.09,72.4,906,6.09,1.85,6.7195,0.0929,45.0
2026-02-23T23:00:00,23.4,73.4,914,6.21,1.75,6.7452,0.0955,47.41
2026-02-24T00:00:00,23.93,75.2,969,5.95,1.76,6.8129,0.0999,50.0
2026-02-24T01:00:00,24.44,77.2,1041,5.92,1.84,6.7301,0.1047,52.59
2026-02-24T02:00:00,25.15,77.4,1109,6.14,1.77,6.5204,0.1082,55.0
2026-02-24T03:00:00,26.07,77.8,1130,6.18,1.76,6.6834,0.1127,57.07
2026-02-24T04:00:00,25.54,78.9,1165,6.05,1.74,6.7045,0.1119,58.66
2026-02-24T05:00:00,25.44,79.0,1189,6.0,1.79,6.6813,0.1116,59.66
2026-02-24T06:00:00,26.64,80.5,1209,5.76,1.86,6.8011,0.1191,60.0
2026-02-24T07:00:00,25.98,78.2,1208,5.96,1.75,6.671,0.1129,59.66
2026-02-24T08:00:00,25.74,79.0,1174,5.98,1.75,6.8152,0.113,58.66
2026-02-24T09:00:00,26.1,80.1,1162,6.11,1.76,6.9462,0.1162,57.07
2026-02-24T10:00:00,25.2,75.4,1102,6.05,1.81,6.7235,0.1056,55.0
2026-02-24T11:00:00,25.26,75.7,1037,5.96,1.78,6.9403,0.1062,52.59
2026-02-24T12:00:00,24.35,75.2,1016,6.02,1.82,6.8739,0.1018,50.0
2026-02-24T13:00:00,22.95,72.7,947,6.07,1.87,6.9414,0.0927,47.41
2026-02-24T14:00:00,22.73,71.8,895,5.79,1.81,6.8173,0.0907,45.0
2026-02-24T15:00:00,22.12,70.9,830,6.0,1.8,6.7297,0.0871,42.93
2026-02-24T16:00:00,21.5,70.0,839,6.02,1.76,6.7496,0.0837,41.34
2026-02-24T17:00:00,22.27,69.9,799,5.99,1.84,7.0061,0.0864,40.34
2026-02-24T18:00:00,22.42,71.5,798,5.96,1.77,7.0307,0.0891,40.0
2026-02-24T19:00:00,22.56,72.3,803,6.12,1.87,7.0288,0.0906,40.34
2026-02-24T20:00:00,22.41,71.5,830,6.18,1.78,6.897,0.089,41.34
2026-02-24T21:00:00,22.64,71.2,814,5.99,1.78,6.9489,0.0895,42.93
2026-02-24T22:00:00,23.32,72.6,886,5.98,1.84,7.0656,0.0941,45.0
2026-02-24T23:00:00,24.32,74.5,942,5.99,1.79,7.1019,0.1007,47.41
2026-02-25T00:00:00,24.02,75.1,980,5.94,1.75,6.9592,0.1003,50.0
2026-02-25T01:00:00,25.54,76.3,1057,5.99,1.81,6.9814,0.1083,52.59
2026-02-25T02:00:00,24.07,79.9,1102,6.21,1.85,7.0308,0.1069,55.0
2026-02-25T03:00:00,25.25,78.5,1130,6.15,1.76,7.1182,0.1102,57.07
2026-02-25T04:00:00,25.6,79.9,1178,5.89,1.78,7.1063,0.1136,58.66
2026-02-25T05:00:00,26.37,80.0,1183,6.08,1.8,6.9779,0.1172,59.66
2026-02-25T06:00:00,25.62,80.9,1209,5.9,1.79,7.0697,0.1151,60.0
2026-02-25T07:00:00,25.39,80.4,1171,5.97,1.81,7.1283,0.1133,59.66
2026-02-25T08:00:00,25.36,78.2,1217,6.06,1.81,7.1029,0.1101,58.66
2026-02-25T09:00:00,26.43,79.2,1135,5.9,1.8,7.0698,0.1163,57.07
2026-02-25T10:00:00,24.89,77.3,1152,5.97,1.77,7.1392,0.1069,55.0
2026-02-25T11:00:00,25.37,79.3,1041,6.08,1.75,7.1066,0.1118,52.59
2026-02-25T12:00:00,23.83,74.4,1019,6.13,1.82,7.1728,0.0985,50.0
2026-02-25T13:00:00,24.13,74.6,939,6.05,1.81,7.3128,0.0999,47.41
2026-02-25T14:00:00,22.09,69.9,900,5.8,1.75,7.1113,0.0857,45.0
2026-02-25T15:00:00,23.01,70.8,856,5.82,1.79,7.1819,0.0905,42.93
2026-02-25T16:00:00,21.68,69.3,859,5.95,1.75,7.1289,0.0835,41.34
2026-02-25T17:00:00,21.55,70.3,831,5.83,1.84,7.2552,0.0842,40.34
2026-02-25T18:00:00,21.36,70.7,793,6.1,1.76,7.2869,0.0839,40.0
2026-02-25T19:00:00,21.53,69.7,806,5.88,1.69,7.4462,0.0834,40.34
2026-02-25T20:00:00,22.6,68.0,830,6.07,1.8,7.2813,0.0853,41.34
2026-02-25T21:00:00,22.28,72.4,911,5.94,1.84,7.2723,0.0897,42.93
2026-02-25T22:00:00,22.79,72.6,903,5.83,1.72,7.5381,0.092,45.0
2026-02-25T23:00:00,23.66,75.0,951,6.02,1.71,7.2407,0.0986,47.41
2026-02-26T00:00:00,23.53,73.7,1037,6.08,1.77,7.4498,0.0963,50.0
2026-02-26T01:00:00,24.59,75.7,1080,6.0,1.75,7.1724,0.1034,52.59
2026-02-26T02:00:00,24.95,78.6,1085,6.19,1.74,7.4167,0.1089,55.0
2026-02-26T03:00:00,25.31,78.8,1127,6.05,1.86,7.4877,0.1108,57.07
2026-02-26T04:00:00,26.84,79.5,1175,5.99,1.88,7.4337,0.1185,58.66
2026-02-26T05:00:00,26.52,81.3,1191,6.09,1.8,7.4459,0.1198,59.66
2026-02-26T06:00:00,26.44,81.3,1247,6.0,1.93,7.5593,0.1194,60.0
2026-02-26T07:00:00,26.02,80.2,1182,6.08,1.79,7.467,0.1159,59.66
2026-02-26T08:00:00,25.61,79.9,1158,6.1,1.82,7.3822,0.1137,58.66
2026-02-26T09:00:00,25.55,79.3,1116,5.95,1.89,7.4205,0.1125,57.07
2026-02-26T10:00:00,25.72,77.5,1105,5.93,1.78,7.4816,0.1107,55.0
2026-02-26T11:00:00,24.62,77.1,1028,6.02,1.79,7.4814,0.1055,52.59
2026-02-26T12:00:00,23.68,75.9,1001,5.81,1.84,7.4706,0.0998,50.0
2026-02-26T13:00:00,22.54,74.3,951,5.97,1.73,7.6069,0.0931,47.41
2026-02-26T14:00:00,23.0,71.0,883,6.06,1.81,7.6766,0.0908,45.0
2026-02-26T15:00:00,22.56,70.8,858,5.89,1.77,7.5151,0.0888,42.93
2026-02-26T16:00:00,22.11,72.1,861,5.97,1.76,7.4043,0.0885,41.34
2026-02-26T17:00:00,22.04,69.1,800,5.97,1.8,7.7045,0.0846,40.34
2026-02-26T18:00:00,21.34,69.3,811,5.96,1.87,7.5957,0.0821,40.0
2026-02-26T19:00:00,22.05,71.1,838,6.03,1.83,7.6195,0.0871,40.34
2026-02-26T20:00:00,22.73,70.5,839,6.06,1.89,7.6225,0.089,41.34
2026-02-26T21:00:00,22.96,70.7,878,5.95,1.8,7.6809,0.0902,42.93
2026-02-26T22:00:00,23.26,74.4,916,6.1,1.84,7.5116,0.0961,45.0
2026-02-26T23:00:00,23.76,72.9,951,6.01,1.79,7.8011,0.0962,47.41
2026-02-27T00:00:00,23.72,75.2,1028,5.89,1.84,7.7561,0.0991,50.0
2026-02-27T01:00:00,24.71,77.9,1037,5.94,1.75,7.6201,0.1069,52.59
2026-02-27T02:00:00,25.25,78.3,1107,5.91,1.83,7.7829,0.1099,55.0
2026-02-27T03:00:00,25.57,75.9,1149,5.92,1.88,7.6563,0.1078,57.07
2026-02-27T04:00:00,25.52,79.2,1217,5.85,1.78,7.803,0.1123,58.66
2026-02-27T05:00:00,25.55,79.4,1211,5.96,1.77,7.873,0.1127,59.66
2026-02-27T06:00:00,26.17,79.4,1214,5.98,1.82,7.9014,0.1154,60.0
2026-02-27T07:00:00,25.87,82.3,1150,6.12,1.88,7.778,0.1183,59.66
2026-02-27T08:00:00,25.71,78.2,1192,6.15,1.82,7.827,0.1117,58.66
2026-02-27T09:00:00,24.98,80.1,1133,5.91,1.73,7.998,0.1111,57.07
2026-02-27T10:00:00,25.25,77.6,1111,5.96,1.84,7.7513,0.1089,55.0
2026-02-27T11:00:00,24.89,77.2,1064,6.14,1.74,7.8388,0.1067,52.59
2026-02-27T12:00:00,23.66,73.5,1014,6.07,1.86,8.0722,0.0966,50.0
2026-02-27T13:00:00,23.65,74.9,942,6.08,1.8,7.8814,0.0985,47.41
2026-02-27T14:00:00,23.54,72.0,905,6.21,1.77,8.0393,0.0941,45.0
2026-02-27T15:00:00,23.05,70.2,804,6.02,1.92,8.1453,0.0899,42.93
2026-02-27T16:00:00,22.08,71.1,800,5.89,1.78,7.9368,0.0872,41.34
2026-02-27T17:00:00,22.21,71.4,799,6.16,1.83,7.8932,0.0881,40.34
2026-02-27T18:00:00,21.76,69.6,765,6.03,1.77,7.9509,0.0841,40.0
2026-02-27T19:00:00,21.68,69.8,766,5.95,1.71,7.8934,0.084,40.34
2026-02-27T20:00:00,22.97,70.4,837,6.12,1.85,8.0426,0.0899,41.34
2026-02-27T21:00:00,21.91,70.5,867,5.97,1.76,8.0649,0.0858,42.93
2026-02-27T22:00:00,23.2,71.3,903,6.13,1.82,8.1144,0.092,45.0
2026-02-27T23:00:00,24.17,73.8,944,6.14,1.88,7.9743,0.0991,47.41
2026-02-28T00:00:00,24.06,73.4,994,5.86,1.86,8.18,0.0981,50.0
2026-02-28T01:00:00,25.29,75.7,1041,6.09,1.87,8.1485,0.1063,52.59
2026-02-28T02:00:00,25.44,78.9,1106,5.84,1.78,8.1166,0.1115,55.0
2026-02-28T03:00:00,24.47,78.8,1159,6.07,1.78,8.2415,0.1072,57.07
2026-02-28T04:00:00,25.91,81.5,1162,6.03,1.76,8.1881,0.1174,58.66
2026-02-28T05:00:00,25.88,80.4,1215,6.02,1.76,8.3852,0.1156,59.66
2026-02-28T06:00:00,27.04,79.6,1216,6.14,1.8,8.2048,0.1196,60.0
2026-02-28T07:00:00,25.29,80.9,1173,5.88,1.83,8.0381,0.1137,59.66
2026-02-28T08:00:00,25.18,78.5,1182,5.9,1.8,7.9918,0.1099,58.66
2026-02-28T09:00:00,25.7,79.0,1151,5.96,1.73,8.4431,0.1128,57.07
2026-02-28T10:00:00,24.99,79.4,1112,5.83,1.75,8.2767,0.1102,55.0
2026-02-28T11:00:00,24.25,76.7,1061,6.11,1.84,8.4788,0.1033,52.59
2026-02-28T12:00:00,24.03,74.5,1002,5.97,1.79,8.2432,0.0995,50.0
2026-02-28T13:00:00,24.03,73.8,924,6.01,1.77,8.3309,0.0985,47.41
2026-02-28T14:00:00,24.06,71.8,869,6.09,1.77,8.2467,0.0959,45.0
2026-02-28T15:00:00,22.91,71.8,839,5.99,1.78,8.2639,0.0914,42.93
2026-02-28T16:00:00,22.67,71.8,844,5.9,1.84,8.4169,0.0904,41.34
2026-02-28T17:00:00,22.06,70.0,785,6.16,1.82,8.3656,0.0858,40.34
2026-02-28T18:00:00,21.84,68.6,798,5.97,1.75,8.3949,0.0833,40.0
2026-02-28T19:00:00,22.09,69.8,821,5.99,1.83,8.5051,0.0857,40.34
2026-02-28T20:00:00,22.58,70.3,790,6.13,1.84,8.4318,0.0882,41.34
2026-02-28T21:00:00,22.91,73.0,844,6.0,1.74,8.5455,0.093,42.93
2026-02-28T22:00:00,23.24,72.8,915,6.06,1.77,8.5707,0.094,45.0
2026-02-28T23:00:00,23.62,73.1,954,6.05,1.77,8.4309,0.0959,47.41
2026-03-01T00:00:00,24.61,76.0,989,5.98,1.81,8.4956,0.1038,50.0
2026-03-01T01:00:00,24.79,76.6,1032,6.16,1.76,8.4913,0.1055,52.59
2026-03-01T02:00:00,25.77,76.8,1103,5.93,1.8,8.4953,0.1099,55.0
2026-03-01T03:00:00,25.41,78.1,1178,6.29,1.78,8.5133,0.1103,57.07
2026-03-01T04:00:00,25.74,79.5,1228,5.88,1.7,8.5751,0.1137,58.66
2026-03-01T05:00:00,25.28,79.2,1202,6.03,1.8,8.6788,0.1112,59.66
2026-03-01T06:00:00,25.62,80.5,1186,5.96,1.77,8.4819,0.1145,60.0
2026-03-01T07:00:00,25.41,80.8,1202,5.99,1.77,8.4887,0.114,59.66
2026-03-01T08:00:00,25.49,77.8,1152,5.96,1.77,8.5189,0.1102,58.66
2026-03-01T09:00:00,25.74,78.0,1124,6.08,1.79,8.4534,0.1115,57.07
2026-03-01T10:00:00,25.21,78.3,1100,5.86,1.72,8.6406,0.1097,55.0
2026-03-01T11:00:00,24.59,74.6,1030,5.92,1.9,8.4518,0.1019,52.59
2026-03-01T12:00:00,24.01,75.1,1004,6.02,1.79,8.636,0.1001,50.0
2026-03-01T13:00:00,23.36,72.4,948,5.86,1.74,8.7458,0.094,47.41
2026-03-01T14:00:00,23.35,72.8,878,6.11,1.82,8.8844,0.0945,45.0
2026-03-01T15:00:00,22.67,70.1,865,6.05,1.83,8.7613,0.0883,42.93
2026-03-01T16:00:00,22.3,72.0,832,5.86,1.87,8.6065,0.0892,41.34
2026-03-01T17:00:00,22.17,70.6,810,6.11,1.76,8.7883,0.087,40.34
2026-03-01T18:00:00,22.22,70.1,807,5.78,1.83,8.9541,0.0865,40.0
2026-03-01T19:00:00,22.39,70.3,795,6.04,1.73,8.6554,0.0874,40.34
2026-03-01T20:00:00,21.95,69.6,810,6.05,1.76,8.8786,0.0849,41.34
2026-03-01T21:00:00,21.74,73.3,844,5.99,1.76,8.8543,0.0886,42.93
2026-03-01T22:00:00,21.72,72.5,922,6.03,1.82,9.0517,0.0875,45.0
2026-03-01T23:00:00,23.47,74.3,931,6.0,1.83,8.9229,0.0969,47.41
